time,channel1,channel2,channel3,channel4,channel5,channel6,channel7,channel8,class,label
1,1.00E-05,-2.00E-05,-1.00E-05,-3.00E-05,0,-1.00E-05,0,-1.00E-05,0,1
5,1.00E-05,-2.00E-05,-1.00E-05,-3.00E-05,0,-1.00E-05,0,-1.00E-05,0,1
6,-1.00E-05,1.00E-05,2.00E-05,0,1.00E-05,-2.00E-05,-1.00E-05,1.00E-05,0,1
7,-1.00E-05,1.00E-05,2.00E-05,0,1.00E-05,-2.00E-05,-1.00E-05,1.00E-05,0,1
8,-1.00E-05,1.00E-05,2.00E-05,0,1.00E-05,-2.00E-05,-1.00E-05,1.00E-05,0,1
9,-1.00E-05,1.00E-05,2.00E-05,0,1.00E-05,-2.00E-05,-1.00E-05,1.00E-05,0,1
10,-1.00E-05,1.00E-05,2.00E-05,0,1.00E-05,-2.00E-05,-1.00E-05,1.00E-05,0,1
11,-1.00E-05,1.00E-05,2.00E-05,0,1.00E-05,-2.00E-05,-1.00E-05,1.00E-05,0,1
12,-1.00E-05,1.00E-05,2.00E-05,0,1.00E-05,-2.00E-05,-1.00E-05,1.00E-05,0,1
13,-1.00E-05,1.00E-05,2.00E-05,0,1.00E-05,-2.00E-05,-1.00E-05,1.00E-05,0,1
14,-1.00E-05,1.00E-05,2.00E-05,0,1.00E-05,-2.00E-05,-1.00E-05,1.00E-05,0,1
15,-1.00E-05,1.00E-05,2.00E-05,0,1.00E-05,-2.00E-05,-1.00E-05,1.00E-05,0,1
16,-1.00E-05,1.00E-05,2.00E-05,0,1.00E-05,-2.00E-05,-1.00E-05,1.00E-05,0,1
17,-1.00E-05,1.00E-05,2.00E-05,0,1.00E-05,-2.00E-05,-1.00E-05,1.00E-05,0,1
18,-1.00E-05,-1.00E-05,-6.00E-05,-5.00E-05,-3.00E-05,-3.00E-05,-2.00E-05,-2.00E-05,0,1
19,-1.00E-05,-1.00E-05,-6.00E-05,-5.00E-05,-3.00E-05,-3.00E-05,-2.00E-05,-2.00E-05,0,1
20,-1.00E-05,-1.00E-05,-6.00E-05,-5.00E-05,-3.00E-05,-3.00E-05,-2.00E-05,-2.00E-05,0,1
21,-1.00E-05,-1.00E-05,-6.00E-05,-5.00E-05,-3.00E-05,-3.00E-05,-2.00E-05,-2.00E-05,0,1
22,-1.00E-05,-1.00E-05,-6.00E-05,-5.00E-05,-3.00E-05,-3.00E-05,-2.00E-05,-2.00E-05,0,1
23,-1.00E-05,-1.00E-05,-6.00E-05,-5.00E-05,-3.00E-05,-3.00E-05,-2.00E-05,-2.00E-05,0,1
24,-3.00E-05,-1.00E-05,-4.00E-05,-1.00E-05,-1.00E-05,1.00E-05,-2.00E-05,0,0,1
25,-3.00E-05,-1.00E-05,-4.00E-05,-1.00E-05,-1.00E-05,1.00E-05,-2.00E-05,0,0,1
26,-3.00E-05,-1.00E-05,-4.00E-05,-1.00E-05,-1.00E-05,1.00E-05,-2.00E-05,0,0,1
27,-3.00E-05,-1.00E-05,-4.00E-05,-1.00E-05,-1.00E-05,1.00E-05,-2.00E-05,0,0,1
28,-3.00E-05,-1.00E-05,-4.00E-05,-1.00E-05,-1.00E-05,1.00E-05,-2.00E-05,0,0,1
29,-3.00E-05,-1.00E-05,-4.00E-05,-1.00E-05,-1.00E-05,1.00E-05,-2.00E-05,0,0,1
30,-3.00E-05,-1.00E-05,-4.00E-05,-1.00E-05,-1.00E-05,1.00E-05,-2.00E-05,0,0,1
31,-3.00E-05,-1.00E-05,-4.00E-05,-1.00E-05,-1.00E-05,1.00E-05,-2.00E-05,0,0,1
33,-3.00E-05,-1.00E-05,-4.00E-05,-1.00E-05,-1.00E-05,1.00E-05,-2.00E-05,0,0,1
34,-3.00E-05,-1.00E-05,-4.00E-05,-1.00E-05,-1.00E-05,1.00E-05,-2.00E-05,0,0,1
35,-3.00E-05,-1.00E-05,-4.00E-05,-1.00E-05,-1.00E-05,1.00E-05,-2.00E-05,0,0,1
45,-1.00E-05,-1.00E-05,-2.00E-05,4.00E-05,-1.00E-05,-1.00E-05,0,-1.00E-05,0,1
47,0,-2.00E-05,-3.00E-05,4.00E-05,-2.00E-05,-1.00E-05,-2.00E-05,0,0,1
48,0,-2.00E-05,-3.00E-05,4.00E-05,-2.00E-05,-1.00E-05,-2.00E-05,0,0,1
49,0,-2.00E-05,-3.00E-05,4.00E-05,-2.00E-05,-1.00E-05,-2.00E-05,0,0,1
50,0,-2.00E-05,-3.00E-05,4.00E-05,-2.00E-05,-1.00E-05,-2.00E-05,0,0,1
51,0,-2.00E-05,-3.00E-05,4.00E-05,-2.00E-05,-1.00E-05,-2.00E-05,0,0,1
52,0,-2.00E-05,-3.00E-05,4.00E-05,-2.00E-05,-1.00E-05,-2.00E-05,0,0,1
53,0,-2.00E-05,-3.00E-05,4.00E-05,-2.00E-05,-1.00E-05,-2.00E-05,0,0,1
54,-1.00E-05,3.00E-05,2.00E-05,4.00E-05,-1.00E-05,-1.00E-05,1.00E-05,0,0,1
55,-1.00E-05,3.00E-05,2.00E-05,4.00E-05,-1.00E-05,-1.00E-05,1.00E-05,0,0,1
56,-1.00E-05,3.00E-05,2.00E-05,4.00E-05,-1.00E-05,-1.00E-05,1.00E-05,0,0,1
57,-1.00E-05,3.00E-05,2.00E-05,4.00E-05,-1.00E-05,-1.00E-05,1.00E-05,0,0,1
58,-1.00E-05,3.00E-05,2.00E-05,4.00E-05,-1.00E-05,-1.00E-05,1.00E-05,0,0,1
59,-1.00E-05,3.00E-05,2.00E-05,4.00E-05,-1.00E-05,-1.00E-05,1.00E-05,0,0,1
60,-1.00E-05,3.00E-05,2.00E-05,4.00E-05,-1.00E-05,-1.00E-05,1.00E-05,0,0,1
61,-1.00E-05,3.00E-05,2.00E-05,4.00E-05,-1.00E-05,-1.00E-05,1.00E-05,0,0,1
62,-1.00E-05,3.00E-05,2.00E-05,4.00E-05,-1.00E-05,-1.00E-05,1.00E-05,0,0,1
63,-1.00E-05,-8.00E-05,-8.00E-05,-7.00E-05,-3.00E-05,-2.00E-05,2.00E-05,-2.00E-05,0,1
64,-1.00E-05,-8.00E-05,-8.00E-05,-7.00E-05,-3.00E-05,-2.00E-05,2.00E-05,-2.00E-05,0,1
65,-1.00E-05,-8.00E-05,-8.00E-05,-7.00E-05,-3.00E-05,-2.00E-05,2.00E-05,-2.00E-05,0,1
66,-1.00E-05,-8.00E-05,-8.00E-05,-7.00E-05,-3.00E-05,-2.00E-05,2.00E-05,-2.00E-05,0,1
67,-1.00E-05,-8.00E-05,-8.00E-05,-7.00E-05,-3.00E-05,-2.00E-05,2.00E-05,-2.00E-05,0,1
68,-1.00E-05,-8.00E-05,-8.00E-05,-7.00E-05,-3.00E-05,-2.00E-05,2.00E-05,-2.00E-05,0,1
69,-1.00E-05,-8.00E-05,-8.00E-05,-7.00E-05,-3.00E-05,-2.00E-05,2.00E-05,-2.00E-05,0,1
70,-1.00E-05,-8.00E-05,-8.00E-05,-7.00E-05,-3.00E-05,-2.00E-05,2.00E-05,-2.00E-05,0,1
71,-1.00E-05,-8.00E-05,-8.00E-05,-7.00E-05,-3.00E-05,-2.00E-05,2.00E-05,-2.00E-05,0,1
72,-1.00E-05,-8.00E-05,-8.00E-05,-7.00E-05,-3.00E-05,-2.00E-05,2.00E-05,-2.00E-05,0,1
73,-1.00E-05,-8.00E-05,-8.00E-05,-7.00E-05,-3.00E-05,-2.00E-05,2.00E-05,-2.00E-05,0,1
74,-1.00E-05,-8.00E-05,-8.00E-05,-7.00E-05,-3.00E-05,-2.00E-05,2.00E-05,-2.00E-05,0,1
75,-1.00E-05,-8.00E-05,-8.00E-05,-7.00E-05,-3.00E-05,-2.00E-05,2.00E-05,-2.00E-05,0,1
76,-1.00E-05,-8.00E-05,-8.00E-05,-7.00E-05,-3.00E-05,-2.00E-05,2.00E-05,-2.00E-05,0,1
77,-1.00E-05,-8.00E-05,-8.00E-05,-7.00E-05,-3.00E-05,-2.00E-05,2.00E-05,-2.00E-05,0,1
78,-1.00E-05,-8.00E-05,-8.00E-05,-7.00E-05,-3.00E-05,-2.00E-05,2.00E-05,-2.00E-05,0,1
79,-1.00E-05,-8.00E-05,-8.00E-05,-7.00E-05,-3.00E-05,-2.00E-05,2.00E-05,-2.00E-05,0,1
80,-1.00E-05,-8.00E-05,-8.00E-05,-7.00E-05,-3.00E-05,-2.00E-05,2.00E-05,-2.00E-05,0,1
81,-1.00E-05,-8.00E-05,-8.00E-05,-7.00E-05,-3.00E-05,-2.00E-05,2.00E-05,-2.00E-05,0,1
82,-1.00E-05,-8.00E-05,-8.00E-05,-7.00E-05,-3.00E-05,-2.00E-05,2.00E-05,-2.00E-05,0,1
83,-1.00E-05,-8.00E-05,-8.00E-05,-7.00E-05,-3.00E-05,-2.00E-05,2.00E-05,-2.00E-05,0,1
84,-1.00E-05,-8.00E-05,-8.00E-05,-7.00E-05,-3.00E-05,-2.00E-05,2.00E-05,-2.00E-05,0,1
85,-1.00E-05,-8.00E-05,-8.00E-05,-7.00E-05,-3.00E-05,-2.00E-05,2.00E-05,-2.00E-05,0,1
86,-1.00E-05,-8.00E-05,-8.00E-05,-7.00E-05,-3.00E-05,-2.00E-05,2.00E-05,-2.00E-05,0,1
89,-2.00E-05,0,0,-5.00E-05,0,0,-1.00E-05,-1.00E-05,0,1
90,-2.00E-05,0,0,-5.00E-05,0,0,-1.00E-05,-1.00E-05,0,1
91,-2.00E-05,0,0,-5.00E-05,0,0,-1.00E-05,-1.00E-05,0,1
92,-2.00E-05,0,0,-5.00E-05,0,0,-1.00E-05,-1.00E-05,0,1
93,-2.00E-05,0,0,-5.00E-05,0,0,-1.00E-05,-1.00E-05,0,1
94,-2.00E-05,0,0,-5.00E-05,0,0,-1.00E-05,-1.00E-05,0,1
95,-2.00E-05,0,0,-5.00E-05,0,0,-1.00E-05,-1.00E-05,0,1
96,-2.00E-05,0,0,-5.00E-05,0,0,-1.00E-05,-1.00E-05,0,1
97,-2.00E-05,0,0,-5.00E-05,0,0,-1.00E-05,-1.00E-05,0,1
98,-2.00E-05,0,0,-5.00E-05,0,0,-1.00E-05,-1.00E-05,0,1
99,-2.00E-05,0,0,-5.00E-05,0,0,-1.00E-05,-1.00E-05,0,1
100,-1.00E-05,3.00E-05,4.00E-05,2.00E-05,0,-3.00E-05,-1.00E-05,0,0,1
101,-1.00E-05,-3.00E-05,-4.00E-05,-1.00E-05,-2.00E-05,0,0,-1.00E-05,0,1
102,-1.00E-05,-3.00E-05,-4.00E-05,-1.00E-05,-2.00E-05,0,0,-1.00E-05,0,1
103,-1.00E-05,-3.00E-05,-4.00E-05,-1.00E-05,-2.00E-05,0,0,-1.00E-05,0,1
104,-1.00E-05,-3.00E-05,-4.00E-05,-1.00E-05,-2.00E-05,0,0,-1.00E-05,0,1
105,-1.00E-05,-3.00E-05,-4.00E-05,-1.00E-05,-2.00E-05,0,0,-1.00E-05,0,1
106,0,0,2.00E-05,-2.00E-05,-1.00E-05,0,-1.00E-05,0,0,1
107,0,0,2.00E-05,-2.00E-05,-1.00E-05,0,-1.00E-05,0,0,1
108,0,0,2.00E-05,-2.00E-05,-1.00E-05,0,-1.00E-05,0,0,1
109,0,0,2.00E-05,-2.00E-05,-1.00E-05,0,-1.00E-05,0,0,1
110,0,0,2.00E-05,-2.00E-05,-1.00E-05,0,-1.00E-05,0,0,1
111,0,0,2.00E-05,-2.00E-05,-1.00E-05,0,-1.00E-05,0,0,1
112,0,0,2.00E-05,-2.00E-05,-1.00E-05,0,-1.00E-05,0,0,1
113,0,0,2.00E-05,-2.00E-05,-1.00E-05,0,-1.00E-05,0,0,1
114,-1.00E-05,0,-2.00E-05,-7.00E-05,-2.00E-05,-1.00E-05,-1.00E-05,-1.00E-05,0,1
115,-1.00E-05,0,-2.00E-05,-7.00E-05,-2.00E-05,-1.00E-05,-1.00E-05,-1.00E-05,0,1
116,-1.00E-05,0,-2.00E-05,-7.00E-05,-2.00E-05,-1.00E-05,-1.00E-05,-1.00E-05,0,1
117,-1.00E-05,0,-2.00E-05,-7.00E-05,-2.00E-05,-1.00E-05,-1.00E-05,-1.00E-05,0,1
118,-1.00E-05,0,-2.00E-05,-7.00E-05,-2.00E-05,-1.00E-05,-1.00E-05,-1.00E-05,0,1
119,-1.00E-05,0,-2.00E-05,-7.00E-05,-2.00E-05,-1.00E-05,-1.00E-05,-1.00E-05,0,1
120,-1.00E-05,0,-2.00E-05,-7.00E-05,-2.00E-05,-1.00E-05,-1.00E-05,-1.00E-05,0,1
121,-1.00E-05,0,-2.00E-05,-7.00E-05,-2.00E-05,-1.00E-05,-1.00E-05,-1.00E-05,0,1
122,-3.00E-05,-7.00E-05,-5.00E-05,-1.00E-04,-2.00E-05,-1.00E-05,-1.00E-05,-1.00E-05,0,1
123,1.00E-05,2.00E-05,-1.00E-05,-3.00E-05,-1.00E-05,-1.00E-05,-1.00E-05,-3.00E-05,0,1
124,1.00E-05,2.00E-05,-1.00E-05,-3.00E-05,-1.00E-05,-1.00E-05,-1.00E-05,-3.00E-05,0,1
125,1.00E-05,2.00E-05,-1.00E-05,-3.00E-05,-1.00E-05,-1.00E-05,-1.00E-05,-3.00E-05,0,1
126,1.00E-05,2.00E-05,-1.00E-05,-3.00E-05,-1.00E-05,-1.00E-05,-1.00E-05,-3.00E-05,0,1
127,1.00E-05,2.00E-05,-1.00E-05,-3.00E-05,-1.00E-05,-1.00E-05,-1.00E-05,-3.00E-05,0,1
128,1.00E-05,2.00E-05,-1.00E-05,-3.00E-05,-1.00E-05,-1.00E-05,-1.00E-05,-3.00E-05,0,1
129,1.00E-05,2.00E-05,-1.00E-05,-3.00E-05,-1.00E-05,-1.00E-05,-1.00E-05,-3.00E-05,0,1
130,1.00E-05,2.00E-05,-1.00E-05,-3.00E-05,-1.00E-05,-1.00E-05,-1.00E-05,-3.00E-05,0,1
131,1.00E-05,2.00E-05,-1.00E-05,-3.00E-05,-1.00E-05,-1.00E-05,-1.00E-05,-3.00E-05,0,1
132,1.00E-05,2.00E-05,-1.00E-05,-3.00E-05,-1.00E-05,-1.00E-05,-1.00E-05,-3.00E-05,0,1
133,1.00E-05,2.00E-05,-1.00E-05,-3.00E-05,-1.00E-05,-1.00E-05,-1.00E-05,-3.00E-05,0,1
134,1.00E-05,2.00E-05,-1.00E-05,-3.00E-05,-1.00E-05,-1.00E-05,-1.00E-05,-3.00E-05,0,1
135,1.00E-05,2.00E-05,-1.00E-05,-3.00E-05,-1.00E-05,-1.00E-05,-1.00E-05,-3.00E-05,0,1
136,1.00E-05,2.00E-05,-1.00E-05,-3.00E-05,-1.00E-05,-1.00E-05,-1.00E-05,-3.00E-05,0,1
139,-1.00E-05,1.00E-05,4.00E-05,0,1.00E-05,-1.00E-05,0,-1.00E-05,0,1
140,-1.00E-05,1.00E-05,4.00E-05,0,1.00E-05,-1.00E-05,0,-1.00E-05,0,1
141,-1.00E-05,1.00E-05,4.00E-05,0,1.00E-05,-1.00E-05,0,-1.00E-05,0,1
142,-1.00E-05,1.00E-05,4.00E-05,0,1.00E-05,-1.00E-05,0,-1.00E-05,0,1
143,-1.00E-05,1.00E-05,4.00E-05,0,1.00E-05,-1.00E-05,0,-1.00E-05,0,1
144,-1.00E-05,1.00E-05,4.00E-05,0,1.00E-05,-1.00E-05,0,-1.00E-05,0,1
145,-1.00E-05,1.00E-05,4.00E-05,0,1.00E-05,-1.00E-05,0,-1.00E-05,0,1
146,-1.00E-05,1.00E-05,4.00E-05,0,1.00E-05,-1.00E-05,0,-1.00E-05,0,1
147,-1.00E-05,1.00E-05,4.00E-05,0,1.00E-05,-1.00E-05,0,-1.00E-05,0,1
148,-1.00E-05,1.00E-05,4.00E-05,0,1.00E-05,-1.00E-05,0,-1.00E-05,0,1
149,-1.00E-05,1.00E-05,4.00E-05,0,1.00E-05,-1.00E-05,0,-1.00E-05,0,1
150,-1.00E-05,1.00E-05,4.00E-05,0,1.00E-05,-1.00E-05,0,-1.00E-05,0,1
151,-3.00E-05,-5.00E-05,-6.00E-05,-8.00E-05,-3.00E-05,-1.00E-05,1.00E-05,-2.00E-05,0,1
153,-3.00E-05,-5.00E-05,-6.00E-05,-8.00E-05,-3.00E-05,-1.00E-05,1.00E-05,-2.00E-05,0,1
154,-3.00E-05,-5.00E-05,-6.00E-05,-8.00E-05,-3.00E-05,-1.00E-05,1.00E-05,-2.00E-05,0,1
155,-3.00E-05,-5.00E-05,-6.00E-05,-8.00E-05,-3.00E-05,-1.00E-05,1.00E-05,-2.00E-05,0,1
156,-3.00E-05,-5.00E-05,-6.00E-05,-8.00E-05,-3.00E-05,-1.00E-05,1.00E-05,-2.00E-05,0,1
157,-3.00E-05,-5.00E-05,-6.00E-05,-8.00E-05,-3.00E-05,-1.00E-05,1.00E-05,-2.00E-05,0,1
158,-3.00E-05,-5.00E-05,-6.00E-05,-8.00E-05,-3.00E-05,-1.00E-05,1.00E-05,-2.00E-05,0,1
159,-3.00E-05,-5.00E-05,-6.00E-05,-8.00E-05,-3.00E-05,-1.00E-05,1.00E-05,-2.00E-05,0,1
160,1.00E-05,0,-2.00E-05,-2.00E-05,-1.00E-05,-2.00E-05,-1.00E-05,0,0,1
161,1.00E-05,0,-2.00E-05,-2.00E-05,-1.00E-05,-2.00E-05,-1.00E-05,0,0,1
162,1.00E-05,0,-2.00E-05,-2.00E-05,-1.00E-05,-2.00E-05,-1.00E-05,0,0,1
163,1.00E-05,0,-2.00E-05,-2.00E-05,-1.00E-05,-2.00E-05,-1.00E-05,0,0,1
164,1.00E-05,0,-2.00E-05,-2.00E-05,-1.00E-05,-2.00E-05,-1.00E-05,0,0,1
165,1.00E-05,0,-2.00E-05,-2.00E-05,-1.00E-05,-2.00E-05,-1.00E-05,0,0,1
166,1.00E-05,0,-2.00E-05,-2.00E-05,-1.00E-05,-2.00E-05,-1.00E-05,0,0,1
167,1.00E-05,0,-2.00E-05,-2.00E-05,-1.00E-05,-2.00E-05,-1.00E-05,0,0,1
168,1.00E-05,0,-2.00E-05,-2.00E-05,-1.00E-05,-2.00E-05,-1.00E-05,0,0,1
169,1.00E-05,0,-2.00E-05,-2.00E-05,-1.00E-05,-2.00E-05,-1.00E-05,0,0,1
170,1.00E-05,0,-2.00E-05,-2.00E-05,-1.00E-05,-2.00E-05,-1.00E-05,0,0,1
171,1.00E-05,0,-2.00E-05,-2.00E-05,-1.00E-05,-2.00E-05,-1.00E-05,0,0,1
172,1.00E-05,0,-2.00E-05,-2.00E-05,-1.00E-05,-2.00E-05,-1.00E-05,0,0,1
173,1.00E-05,0,-2.00E-05,-2.00E-05,-1.00E-05,-2.00E-05,-1.00E-05,0,0,1
174,0,-1.00E-05,0,1.00E-05,-1.00E-05,0,1.00E-05,0,0,1
175,0,-2.00E-05,0,0,-1.00E-05,-1.00E-05,0,0,0,1
176,0,-2.00E-05,0,0,-1.00E-05,-1.00E-05,0,0,0,1
177,0,-2.00E-05,0,0,-1.00E-05,-1.00E-05,0,0,0,1
178,0,-2.00E-05,0,0,-1.00E-05,-1.00E-05,0,0,0,1
179,0,-2.00E-05,0,0,-1.00E-05,-1.00E-05,0,0,0,1
180,0,-2.00E-05,0,0,-1.00E-05,-1.00E-05,0,0,0,1
181,0,-2.00E-05,0,0,-1.00E-05,-1.00E-05,0,0,0,1
182,0,-2.00E-05,0,0,-1.00E-05,-1.00E-05,0,0,0,1
183,-2.00E-05,-1.00E-05,-2.00E-05,-1.00E-05,1.00E-05,-2.00E-05,-4.00E-05,-1.00E-05,0,1
184,-2.00E-05,-1.00E-05,-2.00E-05,-1.00E-05,1.00E-05,-2.00E-05,-4.00E-05,-1.00E-05,0,1
185,-2.00E-05,-1.00E-05,-2.00E-05,-1.00E-05,1.00E-05,-2.00E-05,-4.00E-05,-1.00E-05,0,1
186,-2.00E-05,-1.00E-05,-2.00E-05,-1.00E-05,1.00E-05,-2.00E-05,-4.00E-05,-1.00E-05,0,1
189,-2.00E-05,-1.00E-05,-2.00E-05,-1.00E-05,1.00E-05,-2.00E-05,-4.00E-05,-1.00E-05,0,1
190,-2.00E-05,-1.00E-05,-2.00E-05,-1.00E-05,1.00E-05,-2.00E-05,-4.00E-05,-1.00E-05,0,1
191,-2.00E-05,-1.00E-05,-2.00E-05,-1.00E-05,1.00E-05,-2.00E-05,-4.00E-05,-1.00E-05,0,1
192,-2.00E-05,-1.00E-05,-2.00E-05,-1.00E-05,1.00E-05,-2.00E-05,-4.00E-05,-1.00E-05,0,1
193,-2.00E-05,-1.00E-05,-2.00E-05,-1.00E-05,1.00E-05,-2.00E-05,-4.00E-05,-1.00E-05,0,1
194,-2.00E-05,-1.00E-05,-2.00E-05,-1.00E-05,1.00E-05,-2.00E-05,-4.00E-05,-1.00E-05,0,1
195,-2.00E-05,-1.00E-05,-2.00E-05,-1.00E-05,1.00E-05,-2.00E-05,-4.00E-05,-1.00E-05,0,1
196,-2.00E-05,-1.00E-05,-2.00E-05,-1.00E-05,1.00E-05,-2.00E-05,-4.00E-05,-1.00E-05,0,1
197,-2.00E-05,-1.00E-05,-2.00E-05,-1.00E-05,1.00E-05,-2.00E-05,-4.00E-05,-1.00E-05,0,1
198,-2.00E-05,-3.00E-05,-3.00E-05,-4.00E-05,-2.00E-05,-1.00E-05,-2.00E-05,0,0,1
199,-2.00E-05,-3.00E-05,-3.00E-05,-4.00E-05,-2.00E-05,-1.00E-05,-2.00E-05,0,0,1
200,-2.00E-05,-3.00E-05,-3.00E-05,-4.00E-05,-2.00E-05,-1.00E-05,-2.00E-05,0,0,1
201,-2.00E-05,-3.00E-05,-3.00E-05,-4.00E-05,-2.00E-05,-1.00E-05,-2.00E-05,0,0,1
202,-2.00E-05,-3.00E-05,-3.00E-05,-4.00E-05,-2.00E-05,-1.00E-05,-2.00E-05,0,0,1
203,-2.00E-05,-3.00E-05,-3.00E-05,-4.00E-05,-2.00E-05,-1.00E-05,-2.00E-05,0,0,1
204,0,0,1.00E-05,0,0,-1.00E-05,-2.00E-05,-1.00E-05,0,1
205,0,0,1.00E-05,0,0,-1.00E-05,-2.00E-05,-1.00E-05,0,1
206,0,0,1.00E-05,0,0,-1.00E-05,-2.00E-05,-1.00E-05,0,1
207,0,0,1.00E-05,0,0,-1.00E-05,-2.00E-05,-1.00E-05,0,1
208,0,0,1.00E-05,0,0,-1.00E-05,-2.00E-05,-1.00E-05,0,1
209,0,0,1.00E-05,0,0,-1.00E-05,-2.00E-05,-1.00E-05,0,1
210,0,0,1.00E-05,0,0,-1.00E-05,-2.00E-05,-1.00E-05,0,1
211,0,0,1.00E-05,0,0,-1.00E-05,-2.00E-05,-1.00E-05,0,1
212,0,0,1.00E-05,0,0,-1.00E-05,-2.00E-05,-1.00E-05,0,1
213,0,0,1.00E-05,0,0,-1.00E-05,-2.00E-05,-1.00E-05,0,1
214,0,0,1.00E-05,0,0,-1.00E-05,-2.00E-05,-1.00E-05,0,1
215,0,0,1.00E-05,0,0,-1.00E-05,-2.00E-05,-1.00E-05,0,1
216,0,0,1.00E-05,0,0,-1.00E-05,-2.00E-05,-1.00E-05,0,1
217,0,0,1.00E-05,0,0,-1.00E-05,-2.00E-05,-1.00E-05,0,1
218,0,0,1.00E-05,0,0,-1.00E-05,-2.00E-05,-1.00E-05,0,1
219,0,0,1.00E-05,0,0,-1.00E-05,-2.00E-05,-1.00E-05,0,1
220,-3.00E-05,-1.00E-05,1.00E-05,1.00E-05,0,-1.00E-05,-1.00E-05,-1.00E-05,0,1
221,-3.00E-05,-1.00E-05,1.00E-05,1.00E-05,0,-1.00E-05,-1.00E-05,-1.00E-05,0,1
222,-3.00E-05,-1.00E-05,1.00E-05,1.00E-05,0,-1.00E-05,-1.00E-05,-1.00E-05,0,1
223,-3.00E-05,-1.00E-05,1.00E-05,1.00E-05,0,-1.00E-05,-1.00E-05,-1.00E-05,0,1
224,-3.00E-05,-1.00E-05,1.00E-05,1.00E-05,0,-1.00E-05,-1.00E-05,-1.00E-05,0,1
225,-3.00E-05,-1.00E-05,1.00E-05,1.00E-05,0,-1.00E-05,-1.00E-05,-1.00E-05,0,1
226,1.00E-05,-2.00E-05,-3.00E-05,-1.00E-05,1.00E-05,-1.00E-05,-1.00E-05,-1.00E-05,0,1
227,1.00E-05,-2.00E-05,-3.00E-05,-1.00E-05,1.00E-05,-1.00E-05,-1.00E-05,-1.00E-05,0,1
228,1.00E-05,-2.00E-05,-3.00E-05,-1.00E-05,1.00E-05,-1.00E-05,-1.00E-05,-1.00E-05,0,1
229,1.00E-05,-2.00E-05,-3.00E-05,-1.00E-05,1.00E-05,-1.00E-05,-1.00E-05,-1.00E-05,0,1
230,1.00E-05,-2.00E-05,-3.00E-05,-1.00E-05,1.00E-05,-1.00E-05,-1.00E-05,-1.00E-05,0,1
231,1.00E-05,-2.00E-05,-3.00E-05,-1.00E-05,1.00E-05,-1.00E-05,-1.00E-05,-1.00E-05,0,1
232,1.00E-05,-2.00E-05,-3.00E-05,-1.00E-05,1.00E-05,-1.00E-05,-1.00E-05,-1.00E-05,0,1
233,1.00E-05,-2.00E-05,-3.00E-05,-1.00E-05,1.00E-05,-1.00E-05,-1.00E-05,-1.00E-05,0,1
234,1.00E-05,-2.00E-05,-3.00E-05,-1.00E-05,1.00E-05,-1.00E-05,-1.00E-05,-1.00E-05,0,1
235,1.00E-05,-2.00E-05,-3.00E-05,-1.00E-05,1.00E-05,-1.00E-05,-1.00E-05,-1.00E-05,0,1
236,1.00E-05,-2.00E-05,-3.00E-05,-1.00E-05,1.00E-05,-1.00E-05,-1.00E-05,-1.00E-05,0,1
239,1.00E-05,-2.00E-05,-3.00E-05,-1.00E-05,1.00E-05,-1.00E-05,-1.00E-05,-1.00E-05,0,1
240,1.00E-05,-2.00E-05,-3.00E-05,-1.00E-05,1.00E-05,-1.00E-05,-1.00E-05,-1.00E-05,0,1
241,1.00E-05,-2.00E-05,-3.00E-05,-1.00E-05,1.00E-05,-1.00E-05,-1.00E-05,-1.00E-05,0,1
242,1.00E-05,-2.00E-05,-3.00E-05,-1.00E-05,1.00E-05,-1.00E-05,-1.00E-05,-1.00E-05,0,1
243,1.00E-05,-2.00E-05,-3.00E-05,-1.00E-05,1.00E-05,-1.00E-05,-1.00E-05,-1.00E-05,0,1
244,1.00E-05,-2.00E-05,-3.00E-05,-1.00E-05,1.00E-05,-1.00E-05,-1.00E-05,-1.00E-05,0,1
245,1.00E-05,-2.00E-05,-3.00E-05,-1.00E-05,1.00E-05,-1.00E-05,-1.00E-05,-1.00E-05,0,1
247,1.00E-05,-2.00E-05,-3.00E-05,-1.00E-05,1.00E-05,-1.00E-05,-1.00E-05,-1.00E-05,0,1
248,1.00E-05,-2.00E-05,-3.00E-05,-1.00E-05,1.00E-05,-1.00E-05,-1.00E-05,-1.00E-05,0,1
249,1.00E-05,-2.00E-05,-3.00E-05,-1.00E-05,1.00E-05,-1.00E-05,-1.00E-05,-1.00E-05,0,1
250,-3.00E-05,-7.00E-05,-5.00E-05,-3.00E-05,-4.00E-05,-1.00E-05,-1.00E-05,-2.00E-05,0,1
251,-3.00E-05,-7.00E-05,-5.00E-05,-3.00E-05,-4.00E-05,-1.00E-05,-1.00E-05,-2.00E-05,0,1
252,-2.00E-05,-2.00E-05,0,0,-2.00E-05,1.00E-05,-4.00E-05,-1.00E-05,0,1
253,-2.00E-05,-2.00E-05,0,0,-2.00E-05,1.00E-05,-4.00E-05,-1.00E-05,0,1
254,-2.00E-05,-2.00E-05,0,0,-2.00E-05,1.00E-05,-4.00E-05,-1.00E-05,0,1
256,-2.00E-05,-2.00E-05,0,0,-2.00E-05,1.00E-05,-4.00E-05,-1.00E-05,0,1
257,0,3.00E-05,1.00E-05,2.00E-05,-1.00E-05,-1.00E-05,-1.00E-05,0,0,1
258,0,3.00E-05,1.00E-05,2.00E-05,-1.00E-05,-1.00E-05,-1.00E-05,0,0,1
259,0,3.00E-05,1.00E-05,2.00E-05,-1.00E-05,-1.00E-05,-1.00E-05,0,0,1
260,0,3.00E-05,1.00E-05,2.00E-05,-1.00E-05,-1.00E-05,-1.00E-05,0,0,1
261,0,3.00E-05,1.00E-05,2.00E-05,-1.00E-05,-1.00E-05,-1.00E-05,0,0,1
263,0,3.00E-05,1.00E-05,2.00E-05,-1.00E-05,-1.00E-05,-1.00E-05,0,0,1
264,-1.00E-05,-1.00E-05,-2.00E-05,-1.00E-05,-1.00E-05,-1.00E-05,-1.00E-05,1.00E-05,0,1
265,-1.00E-05,-1.00E-05,-2.00E-05,-1.00E-05,-1.00E-05,-1.00E-05,-1.00E-05,1.00E-05,0,1
266,-1.00E-05,-1.00E-05,-2.00E-05,-1.00E-05,-1.00E-05,-1.00E-05,-1.00E-05,1.00E-05,0,1
267,-1.00E-05,-1.00E-05,-2.00E-05,-1.00E-05,-1.00E-05,-1.00E-05,-1.00E-05,1.00E-05,0,1
268,-1.00E-05,-1.00E-05,-2.00E-05,-1.00E-05,-1.00E-05,-1.00E-05,-1.00E-05,1.00E-05,0,1
269,-1.00E-05,-1.00E-05,-2.00E-05,-1.00E-05,-1.00E-05,-1.00E-05,-1.00E-05,1.00E-05,0,1
271,-1.00E-05,-1.00E-05,-2.00E-05,-1.00E-05,-1.00E-05,-1.00E-05,-1.00E-05,1.00E-05,0,1
272,-1.00E-05,-1.00E-05,-2.00E-05,-1.00E-05,-1.00E-05,-1.00E-05,-1.00E-05,1.00E-05,0,1
273,-1.00E-05,-1.00E-05,-2.00E-05,-1.00E-05,-1.00E-05,-1.00E-05,-1.00E-05,1.00E-05,0,1
274,-1.00E-05,-1.00E-05,-2.00E-05,-1.00E-05,-1.00E-05,-1.00E-05,-1.00E-05,1.00E-05,0,1
275,-1.00E-05,-1.00E-05,-2.00E-05,-1.00E-05,-1.00E-05,-1.00E-05,-1.00E-05,1.00E-05,0,1
276,-1.00E-05,-1.00E-05,-2.00E-05,-1.00E-05,-1.00E-05,-1.00E-05,-1.00E-05,1.00E-05,0,1
277,-1.00E-05,-1.00E-05,-2.00E-05,-1.00E-05,-1.00E-05,-1.00E-05,-1.00E-05,1.00E-05,0,1
278,-1.00E-05,-1.00E-05,-2.00E-05,-1.00E-05,-1.00E-05,-1.00E-05,-1.00E-05,1.00E-05,0,1
279,-1.00E-05,-1.00E-05,-2.00E-05,-2.00E-05,0,0,-2.00E-05,-1.00E-05,0,1
280,-1.00E-05,0,1.00E-05,1.00E-05,0,0,-1.00E-05,0,0,1
281,-1.00E-05,0,1.00E-05,1.00E-05,0,0,-1.00E-05,0,0,1
282,-1.00E-05,0,1.00E-05,1.00E-05,0,0,-1.00E-05,0,0,1
283,-1.00E-05,0,1.00E-05,1.00E-05,0,0,-1.00E-05,0,0,1
284,-1.00E-05,0,1.00E-05,1.00E-05,0,0,-1.00E-05,0,0,1
285,-1.00E-05,0,1.00E-05,1.00E-05,0,0,-1.00E-05,0,0,1
287,0,0,0,2.00E-05,0,-1.00E-05,0,0,0,1
290,0,0,0,2.00E-05,0,-1.00E-05,0,0,0,1
291,0,0,0,2.00E-05,0,-1.00E-05,0,0,0,1
292,0,0,0,2.00E-05,0,-1.00E-05,0,0,0,1
293,0,0,0,2.00E-05,0,-1.00E-05,0,0,0,1
294,0,0,0,2.00E-05,0,-1.00E-05,0,0,0,1
295,0,0,0,2.00E-05,0,-1.00E-05,0,0,0,1
296,0,0,0,2.00E-05,0,-1.00E-05,0,0,0,1
297,0,0,0,2.00E-05,0,-1.00E-05,0,0,0,1
298,0,0,0,2.00E-05,0,-1.00E-05,0,0,0,1
299,0,0,0,2.00E-05,0,-1.00E-05,0,0,0,1
300,0,0,0,2.00E-05,0,-1.00E-05,0,0,0,1
301,0,0,0,2.00E-05,0,-1.00E-05,0,0,0,1
303,0,0,0,-1.00E-05,0,-1.00E-05,-2.00E-05,0,0,1
304,-3.00E-05,-4.00E-05,-3.00E-05,-3.00E-05,-4.00E-05,-2.00E-05,0,-2.00E-05,0,1
305,-3.00E-05,-4.00E-05,-3.00E-05,-3.00E-05,-4.00E-05,-2.00E-05,0,-2.00E-05,0,1
306,-3.00E-05,-4.00E-05,-3.00E-05,-3.00E-05,-4.00E-05,-2.00E-05,0,-2.00E-05,0,1
307,-3.00E-05,-4.00E-05,-3.00E-05,-3.00E-05,-4.00E-05,-2.00E-05,0,-2.00E-05,0,1
308,-3.00E-05,-4.00E-05,-3.00E-05,-3.00E-05,-4.00E-05,-2.00E-05,0,-2.00E-05,0,1
310,-3.00E-05,-4.00E-05,-3.00E-05,-3.00E-05,-4.00E-05,-2.00E-05,0,-2.00E-05,0,1
311,-3.00E-05,-4.00E-05,-3.00E-05,-3.00E-05,-4.00E-05,-2.00E-05,0,-2.00E-05,0,1
312,-3.00E-05,-4.00E-05,-3.00E-05,-3.00E-05,-4.00E-05,-2.00E-05,0,-2.00E-05,0,1
313,-3.00E-05,-4.00E-05,-3.00E-05,-3.00E-05,-4.00E-05,-2.00E-05,0,-2.00E-05,0,1
314,-3.00E-05,-4.00E-05,-3.00E-05,-3.00E-05,-4.00E-05,-2.00E-05,0,-2.00E-05,0,1
315,-3.00E-05,-4.00E-05,-3.00E-05,-3.00E-05,-4.00E-05,-2.00E-05,0,-2.00E-05,0,1
316,-3.00E-05,-4.00E-05,-3.00E-05,-3.00E-05,-4.00E-05,-2.00E-05,0,-2.00E-05,0,1
317,0,-2.00E-05,-2.00E-05,0,-1.00E-05,-1.00E-05,-2.00E-05,-1.00E-05,0,1
318,0,-2.00E-05,-2.00E-05,0,-1.00E-05,-1.00E-05,-2.00E-05,-1.00E-05,0,1
319,0,-2.00E-05,-2.00E-05,0,-1.00E-05,-1.00E-05,-2.00E-05,-1.00E-05,0,1
320,0,-2.00E-05,-2.00E-05,0,-1.00E-05,-1.00E-05,-2.00E-05,-1.00E-05,0,1
321,0,-2.00E-05,-2.00E-05,0,-1.00E-05,-1.00E-05,-2.00E-05,-1.00E-05,0,1
322,0,-2.00E-05,-2.00E-05,0,-1.00E-05,-1.00E-05,-2.00E-05,-1.00E-05,0,1
323,0,-2.00E-05,-2.00E-05,0,-1.00E-05,-1.00E-05,-2.00E-05,-1.00E-05,0,1
324,1.00E-05,2.00E-05,-3.00E-05,-1.00E-05,-1.00E-05,-1.00E-05,0,2.00E-05,0,1
325,1.00E-05,2.00E-05,-3.00E-05,-1.00E-05,-1.00E-05,-1.00E-05,0,2.00E-05,0,1
326,1.00E-05,2.00E-05,-3.00E-05,-1.00E-05,-1.00E-05,-1.00E-05,0,2.00E-05,0,1
327,1.00E-05,2.00E-05,-3.00E-05,-1.00E-05,-1.00E-05,-1.00E-05,0,2.00E-05,0,1
328,1.00E-05,2.00E-05,-3.00E-05,-1.00E-05,-1.00E-05,-1.00E-05,0,2.00E-05,0,1
329,1.00E-05,2.00E-05,-3.00E-05,-1.00E-05,-1.00E-05,-1.00E-05,0,2.00E-05,0,1
330,1.00E-05,2.00E-05,-3.00E-05,-1.00E-05,-1.00E-05,-1.00E-05,0,2.00E-05,0,1
331,1.00E-05,2.00E-05,-3.00E-05,-1.00E-05,-1.00E-05,-1.00E-05,0,2.00E-05,0,1
332,1.00E-05,2.00E-05,-3.00E-05,-1.00E-05,-1.00E-05,-1.00E-05,0,2.00E-05,0,1
333,1.00E-05,2.00E-05,-3.00E-05,-1.00E-05,-1.00E-05,-1.00E-05,0,2.00E-05,0,1
334,1.00E-05,2.00E-05,-3.00E-05,-1.00E-05,-1.00E-05,-1.00E-05,0,2.00E-05,0,1
335,1.00E-05,2.00E-05,-3.00E-05,-1.00E-05,-1.00E-05,-1.00E-05,0,2.00E-05,0,1
336,1.00E-05,2.00E-05,-3.00E-05,-1.00E-05,-1.00E-05,-1.00E-05,0,2.00E-05,0,1
339,1.00E-05,2.00E-05,-3.00E-05,-1.00E-05,-1.00E-05,-1.00E-05,0,2.00E-05,0,1
340,1.00E-05,2.00E-05,-3.00E-05,-1.00E-05,-1.00E-05,-1.00E-05,0,2.00E-05,0,1
341,0,0,-1.00E-05,-3.00E-05,-2.00E-05,-1.00E-05,0,-1.00E-05,0,1
343,0,0,-1.00E-05,-3.00E-05,-2.00E-05,-1.00E-05,0,-1.00E-05,0,1
344,0,0,-1.00E-05,-3.00E-05,-2.00E-05,-1.00E-05,0,-1.00E-05,0,1
345,0,0,-1.00E-05,-3.00E-05,-2.00E-05,-1.00E-05,0,-1.00E-05,0,1
346,0,0,-1.00E-05,-3.00E-05,-2.00E-05,-1.00E-05,0,-1.00E-05,0,1
347,0,0,-1.00E-05,-3.00E-05,-2.00E-05,-1.00E-05,0,-1.00E-05,0,1
348,0,0,-1.00E-05,-3.00E-05,-2.00E-05,-1.00E-05,0,-1.00E-05,0,1
349,0,0,-1.00E-05,-3.00E-05,-2.00E-05,-1.00E-05,0,-1.00E-05,0,1
350,0,0,-1.00E-05,-3.00E-05,-2.00E-05,-1.00E-05,0,-1.00E-05,0,1
351,0,0,-1.00E-05,-3.00E-05,-2.00E-05,-1.00E-05,0,-1.00E-05,0,1
352,0,0,-1.00E-05,-3.00E-05,-2.00E-05,-1.00E-05,0,-1.00E-05,0,1
353,0,0,-1.00E-05,-3.00E-05,-2.00E-05,-1.00E-05,0,-1.00E-05,0,1
354,0,0,-1.00E-05,-3.00E-05,-2.00E-05,-1.00E-05,0,-1.00E-05,0,1
355,0,4.00E-05,3.00E-05,4.00E-05,1.00E-05,-3.00E-05,-1.00E-05,0,0,1
356,0,4.00E-05,3.00E-05,4.00E-05,1.00E-05,-3.00E-05,-1.00E-05,0,0,1
357,0,4.00E-05,3.00E-05,4.00E-05,1.00E-05,-3.00E-05,-1.00E-05,0,0,1
358,0,4.00E-05,3.00E-05,4.00E-05,1.00E-05,-3.00E-05,-1.00E-05,0,0,1
360,0,4.00E-05,3.00E-05,4.00E-05,1.00E-05,-3.00E-05,-1.00E-05,0,0,1
361,0,4.00E-05,3.00E-05,4.00E-05,1.00E-05,-3.00E-05,-1.00E-05,0,0,1
362,0,4.00E-05,3.00E-05,4.00E-05,1.00E-05,-3.00E-05,-1.00E-05,0,0,1
363,0,4.00E-05,3.00E-05,4.00E-05,1.00E-05,-3.00E-05,-1.00E-05,0,0,1
364,0,4.00E-05,3.00E-05,4.00E-05,1.00E-05,-3.00E-05,-1.00E-05,0,0,1
365,0,4.00E-05,3.00E-05,4.00E-05,1.00E-05,-3.00E-05,-1.00E-05,0,0,1
366,0,4.00E-05,3.00E-05,4.00E-05,1.00E-05,-3.00E-05,-1.00E-05,0,0,1
367,0,4.00E-05,3.00E-05,4.00E-05,1.00E-05,-3.00E-05,-1.00E-05,0,0,1
368,0,4.00E-05,3.00E-05,4.00E-05,1.00E-05,-3.00E-05,-1.00E-05,0,0,1
369,0,4.00E-05,3.00E-05,4.00E-05,1.00E-05,-3.00E-05,-1.00E-05,0,0,1
370,0,4.00E-05,3.00E-05,4.00E-05,1.00E-05,-3.00E-05,-1.00E-05,0,0,1
371,0,4.00E-05,3.00E-05,4.00E-05,1.00E-05,-3.00E-05,-1.00E-05,0,0,1
372,0,4.00E-05,3.00E-05,4.00E-05,1.00E-05,-3.00E-05,-1.00E-05,0,0,1
373,0,4.00E-05,3.00E-05,4.00E-05,1.00E-05,-3.00E-05,-1.00E-05,0,0,1
374,0,4.00E-05,3.00E-05,4.00E-05,1.00E-05,-3.00E-05,-1.00E-05,0,0,1
375,0,4.00E-05,3.00E-05,4.00E-05,1.00E-05,-3.00E-05,-1.00E-05,0,0,1
376,0,4.00E-05,3.00E-05,4.00E-05,1.00E-05,-3.00E-05,-1.00E-05,0,0,1
377,0,4.00E-05,3.00E-05,4.00E-05,1.00E-05,-3.00E-05,-1.00E-05,0,0,1
378,0,4.00E-05,3.00E-05,4.00E-05,1.00E-05,-3.00E-05,-1.00E-05,0,0,1
379,-3.00E-05,-5.00E-05,-3.00E-05,-5.00E-05,0,0,-1.00E-05,-4.00E-05,0,1
380,-3.00E-05,-5.00E-05,-3.00E-05,-5.00E-05,0,0,-1.00E-05,-4.00E-05,0,1
381,0,0,1.00E-05,0,0,-1.00E-05,-1.00E-05,-1.00E-05,0,1
382,0,0,1.00E-05,0,0,-1.00E-05,-1.00E-05,-1.00E-05,0,1
383,0,0,1.00E-05,0,0,-1.00E-05,-1.00E-05,-1.00E-05,0,1
384,0,0,1.00E-05,0,0,-1.00E-05,-1.00E-05,-1.00E-05,0,1
385,-2.00E-05,-1.00E-05,-3.00E-05,1.00E-05,-2.00E-05,0,0,-1.00E-05,0,1
386,-2.00E-05,-1.00E-05,-3.00E-05,1.00E-05,-2.00E-05,0,0,-1.00E-05,0,1
389,-2.00E-05,-1.00E-05,-3.00E-05,1.00E-05,-2.00E-05,0,0,-1.00E-05,0,1
390,-2.00E-05,-1.00E-05,-3.00E-05,1.00E-05,-2.00E-05,0,0,-1.00E-05,0,1
391,-2.00E-05,-1.00E-05,-3.00E-05,1.00E-05,-2.00E-05,0,0,-1.00E-05,0,1
392,-2.00E-05,-1.00E-05,-3.00E-05,1.00E-05,-2.00E-05,0,0,-1.00E-05,0,1
393,-2.00E-05,-1.00E-05,-3.00E-05,1.00E-05,-2.00E-05,0,0,-1.00E-05,0,1
394,-2.00E-05,-1.00E-05,-3.00E-05,1.00E-05,-2.00E-05,0,0,-1.00E-05,0,1
395,-2.00E-05,-1.00E-05,-3.00E-05,1.00E-05,-2.00E-05,0,0,-1.00E-05,0,1
396,-2.00E-05,-1.00E-05,-3.00E-05,1.00E-05,-2.00E-05,0,0,-1.00E-05,0,1
397,-2.00E-05,-1.00E-05,-3.00E-05,1.00E-05,-2.00E-05,0,0,-1.00E-05,0,1
398,-2.00E-05,-1.00E-05,-3.00E-05,1.00E-05,-2.00E-05,0,0,-1.00E-05,0,1
399,-2.00E-05,-1.00E-05,-3.00E-05,1.00E-05,-2.00E-05,0,0,-1.00E-05,0,1
400,-1.00E-05,0,-1.00E-05,-2.00E-05,0,-1.00E-05,0,-1.00E-05,0,1
401,-1.00E-05,0,-1.00E-05,-2.00E-05,0,-1.00E-05,0,-1.00E-05,0,1
402,-1.00E-05,0,-1.00E-05,-2.00E-05,0,-1.00E-05,0,-1.00E-05,0,1
403,-1.00E-05,0,-1.00E-05,-2.00E-05,0,-1.00E-05,0,-1.00E-05,0,1
404,-1.00E-05,0,-1.00E-05,-2.00E-05,0,-1.00E-05,0,-1.00E-05,0,1
405,-1.00E-05,0,-1.00E-05,-2.00E-05,0,-1.00E-05,0,-1.00E-05,0,1
406,-1.00E-05,0,-1.00E-05,-2.00E-05,0,-1.00E-05,0,-1.00E-05,0,1
407,-1.00E-05,0,-1.00E-05,-2.00E-05,0,-1.00E-05,0,-1.00E-05,0,1
408,-2.00E-05,0,-4.00E-05,-2.00E-05,-2.00E-05,-2.00E-05,-2.00E-05,-2.00E-05,0,1
409,-2.00E-05,0,-4.00E-05,-2.00E-05,-2.00E-05,-2.00E-05,-2.00E-05,-2.00E-05,0,1
410,-2.00E-05,0,-4.00E-05,-2.00E-05,-2.00E-05,-2.00E-05,-2.00E-05,-2.00E-05,0,1
411,-2.00E-05,0,-4.00E-05,-2.00E-05,-2.00E-05,-2.00E-05,-2.00E-05,-2.00E-05,0,1
412,-2.00E-05,0,-4.00E-05,-2.00E-05,-2.00E-05,-2.00E-05,-2.00E-05,-2.00E-05,0,1
413,-2.00E-05,0,-4.00E-05,-2.00E-05,-2.00E-05,-2.00E-05,-2.00E-05,-2.00E-05,0,1
414,-2.00E-05,0,-4.00E-05,-2.00E-05,-2.00E-05,-2.00E-05,-2.00E-05,-2.00E-05,0,1
415,-2.00E-05,0,-4.00E-05,-2.00E-05,-2.00E-05,-2.00E-05,-2.00E-05,-2.00E-05,0,1
416,-2.00E-05,0,-4.00E-05,-2.00E-05,-2.00E-05,-2.00E-05,-2.00E-05,-2.00E-05,0,1
417,-2.00E-05,0,-4.00E-05,-2.00E-05,-2.00E-05,-2.00E-05,-2.00E-05,-2.00E-05,0,1
418,-2.00E-05,0,-4.00E-05,-2.00E-05,-2.00E-05,-2.00E-05,-2.00E-05,-2.00E-05,0,1
419,-2.00E-05,0,-4.00E-05,-2.00E-05,-2.00E-05,-2.00E-05,-2.00E-05,-2.00E-05,0,1
420,-2.00E-05,0,-4.00E-05,-2.00E-05,-2.00E-05,-2.00E-05,-2.00E-05,-2.00E-05,0,1
421,-2.00E-05,0,-4.00E-05,-2.00E-05,-2.00E-05,-2.00E-05,-2.00E-05,-2.00E-05,0,1
422,-2.00E-05,0,-4.00E-05,-2.00E-05,-2.00E-05,-2.00E-05,-2.00E-05,-2.00E-05,0,1
423,-2.00E-05,0,-4.00E-05,-2.00E-05,-2.00E-05,-2.00E-05,-2.00E-05,-2.00E-05,0,1
424,-2.00E-05,0,-4.00E-05,-2.00E-05,-2.00E-05,-2.00E-05,-2.00E-05,-2.00E-05,0,1
425,-2.00E-05,0,-4.00E-05,-2.00E-05,-2.00E-05,-2.00E-05,-2.00E-05,-2.00E-05,0,1
426,-2.00E-05,0,-4.00E-05,-2.00E-05,-2.00E-05,-2.00E-05,-2.00E-05,-2.00E-05,0,1
427,-2.00E-05,0,-4.00E-05,-2.00E-05,-2.00E-05,-2.00E-05,-2.00E-05,-2.00E-05,0,1
428,-2.00E-05,0,-4.00E-05,-2.00E-05,-2.00E-05,-2.00E-05,-2.00E-05,-2.00E-05,0,1
429,-2.00E-05,0,-4.00E-05,-2.00E-05,-2.00E-05,-2.00E-05,-2.00E-05,-2.00E-05,0,1
430,-2.00E-05,-4.00E-05,-2.00E-05,0,-1.00E-05,-1.00E-05,-2.00E-05,-1.00E-05,0,1
431,-2.00E-05,-4.00E-05,-2.00E-05,0,-1.00E-05,-1.00E-05,-2.00E-05,-1.00E-05,0,1
432,1.00E-05,-1.00E-05,3.00E-05,1.00E-05,0,-1.00E-05,0,-1.00E-05,0,1
433,1.00E-05,-1.00E-05,3.00E-05,1.00E-05,0,-1.00E-05,0,-1.00E-05,0,1
434,1.00E-05,-1.00E-05,3.00E-05,1.00E-05,0,-1.00E-05,0,-1.00E-05,0,1
435,1.00E-05,-1.00E-05,3.00E-05,1.00E-05,0,-1.00E-05,0,-1.00E-05,0,1
436,1.00E-05,-1.00E-05,3.00E-05,1.00E-05,0,-1.00E-05,0,-1.00E-05,0,1
439,1.00E-05,-1.00E-05,3.00E-05,1.00E-05,0,-1.00E-05,0,-1.00E-05,0,1
440,1.00E-05,-1.00E-05,3.00E-05,1.00E-05,0,-1.00E-05,0,-1.00E-05,0,1
441,1.00E-05,-1.00E-05,3.00E-05,1.00E-05,0,-1.00E-05,0,-1.00E-05,0,1
442,1.00E-05,-1.00E-05,3.00E-05,1.00E-05,0,-1.00E-05,0,-1.00E-05,0,1
443,1.00E-05,-1.00E-05,3.00E-05,1.00E-05,0,-1.00E-05,0,-1.00E-05,0,1
444,1.00E-05,-1.00E-05,3.00E-05,1.00E-05,0,-1.00E-05,0,-1.00E-05,0,1
445,1.00E-05,-1.00E-05,3.00E-05,1.00E-05,0,-1.00E-05,0,-1.00E-05,0,1
446,1.00E-05,-1.00E-05,3.00E-05,1.00E-05,0,-1.00E-05,0,-1.00E-05,0,1
447,1.00E-05,-1.00E-05,3.00E-05,1.00E-05,0,-1.00E-05,0,-1.00E-05,0,1
448,1.00E-05,-1.00E-05,3.00E-05,1.00E-05,0,-1.00E-05,0,-1.00E-05,0,1
449,1.00E-05,-1.00E-05,3.00E-05,1.00E-05,0,-1.00E-05,0,-1.00E-05,0,1
450,1.00E-05,-1.00E-05,3.00E-05,1.00E-05,0,-1.00E-05,0,-1.00E-05,0,1
451,1.00E-05,-1.00E-05,3.00E-05,1.00E-05,0,-1.00E-05,0,-1.00E-05,0,1
452,1.00E-05,-1.00E-05,3.00E-05,1.00E-05,0,-1.00E-05,0,-1.00E-05,0,1
453,-2.00E-05,-4.00E-05,0,0,-1.00E-05,-2.00E-05,0,-1.00E-05,0,1
454,-1.00E-05,-3.00E-05,-5.00E-05,-1.00E-05,-3.00E-05,0,-1.00E-05,-1.00E-05,0,1
455,-1.00E-05,-3.00E-05,-5.00E-05,-1.00E-05,-3.00E-05,0,-1.00E-05,-1.00E-05,0,1
456,-1.00E-05,-3.00E-05,-5.00E-05,-1.00E-05,-3.00E-05,0,-1.00E-05,-1.00E-05,0,1
457,-1.00E-05,-3.00E-05,-5.00E-05,-1.00E-05,-3.00E-05,0,-1.00E-05,-1.00E-05,0,1
458,-1.00E-05,-3.00E-05,-5.00E-05,-1.00E-05,-3.00E-05,0,-1.00E-05,-1.00E-05,0,1
459,-1.00E-05,-3.00E-05,-5.00E-05,-1.00E-05,-3.00E-05,0,-1.00E-05,-1.00E-05,0,1
460,0,-1.00E-05,2.00E-05,1.00E-05,-1.00E-05,-1.00E-05,-2.00E-05,-1.00E-05,0,1
461,0,-1.00E-05,2.00E-05,1.00E-05,-1.00E-05,-1.00E-05,-2.00E-05,-1.00E-05,0,1
462,0,-1.00E-05,2.00E-05,1.00E-05,-1.00E-05,-1.00E-05,-2.00E-05,-1.00E-05,0,1
463,0,-1.00E-05,2.00E-05,1.00E-05,-1.00E-05,-1.00E-05,-2.00E-05,-1.00E-05,0,1
464,0,-1.00E-05,2.00E-05,1.00E-05,-1.00E-05,-1.00E-05,-2.00E-05,-1.00E-05,0,1
465,0,-1.00E-05,2.00E-05,1.00E-05,-1.00E-05,-1.00E-05,-2.00E-05,-1.00E-05,0,1
466,-1.00E-05,-1.00E-05,2.00E-05,-3.00E-05,-1.00E-05,-2.00E-05,-1.00E-05,0,0,1
468,-1.00E-05,-1.00E-05,2.00E-05,-3.00E-05,-1.00E-05,-2.00E-05,-1.00E-05,0,0,1
469,-1.00E-05,-1.00E-05,2.00E-05,-3.00E-05,-1.00E-05,-2.00E-05,-1.00E-05,0,0,1
470,-1.00E-05,-1.00E-05,2.00E-05,-3.00E-05,-1.00E-05,-2.00E-05,-1.00E-05,0,0,1
471,-1.00E-05,-1.00E-05,2.00E-05,-3.00E-05,-1.00E-05,-2.00E-05,-1.00E-05,0,0,1
472,-1.00E-05,-1.00E-05,2.00E-05,-3.00E-05,-1.00E-05,-2.00E-05,-1.00E-05,0,0,1
473,-1.00E-05,-1.00E-05,2.00E-05,-3.00E-05,-1.00E-05,-2.00E-05,-1.00E-05,0,0,1
474,-1.00E-05,-1.00E-05,2.00E-05,-3.00E-05,-1.00E-05,-2.00E-05,-1.00E-05,0,0,1
475,-1.00E-05,-1.00E-05,2.00E-05,-3.00E-05,-1.00E-05,-2.00E-05,-1.00E-05,0,0,1
476,-1.00E-05,-1.00E-05,2.00E-05,-3.00E-05,-1.00E-05,-2.00E-05,-1.00E-05,0,0,1
477,-1.00E-05,-1.00E-05,2.00E-05,-3.00E-05,-1.00E-05,-2.00E-05,-1.00E-05,0,0,1
478,-1.00E-05,-1.00E-05,2.00E-05,-3.00E-05,-1.00E-05,-2.00E-05,-1.00E-05,0,0,1
479,-1.00E-05,-1.00E-05,2.00E-05,-3.00E-05,-1.00E-05,-2.00E-05,-1.00E-05,0,0,1
480,-1.00E-05,-1.00E-05,2.00E-05,-3.00E-05,-1.00E-05,-2.00E-05,-1.00E-05,0,0,1
481,-1.00E-05,-1.00E-05,2.00E-05,-3.00E-05,-1.00E-05,-2.00E-05,-1.00E-05,0,0,1
482,-1.00E-05,-1.00E-05,2.00E-05,-3.00E-05,-1.00E-05,-2.00E-05,-1.00E-05,0,0,1
483,-1.00E-05,-1.00E-05,2.00E-05,-3.00E-05,-1.00E-05,-2.00E-05,-1.00E-05,0,0,1
484,-2.00E-05,-1.00E-05,-1.00E-05,-2.00E-05,0,0,-2.00E-05,-1.00E-05,0,1
485,-2.00E-05,-1.00E-05,-1.00E-05,-2.00E-05,0,0,-2.00E-05,-1.00E-05,0,1
486,-2.00E-05,-1.00E-05,-1.00E-05,-2.00E-05,0,0,-2.00E-05,-1.00E-05,0,1
489,-2.00E-05,-1.00E-05,-1.00E-05,-2.00E-05,0,0,-2.00E-05,-1.00E-05,0,1
490,-2.00E-05,-1.00E-05,-1.00E-05,-2.00E-05,0,0,-2.00E-05,-1.00E-05,0,1
491,-2.00E-05,-1.00E-05,-1.00E-05,-2.00E-05,0,0,-2.00E-05,-1.00E-05,0,1
492,-2.00E-05,-1.00E-05,-1.00E-05,-2.00E-05,0,0,-2.00E-05,-1.00E-05,0,1
493,-2.00E-05,-1.00E-05,-1.00E-05,-2.00E-05,0,0,-2.00E-05,-1.00E-05,0,1
494,-2.00E-05,-1.00E-05,-1.00E-05,-2.00E-05,0,0,-2.00E-05,-1.00E-05,0,1
495,-2.00E-05,-1.00E-05,-1.00E-05,-2.00E-05,0,0,-2.00E-05,-1.00E-05,0,1
496,-2.00E-05,-1.00E-05,-1.00E-05,-2.00E-05,0,0,-2.00E-05,-1.00E-05,0,1
497,-2.00E-05,-1.00E-05,-1.00E-05,-2.00E-05,0,0,-2.00E-05,-1.00E-05,0,1
498,-2.00E-05,-1.00E-05,-1.00E-05,-2.00E-05,0,0,-2.00E-05,-1.00E-05,0,1
499,-2.00E-05,-1.00E-05,-1.00E-05,-2.00E-05,0,0,-2.00E-05,-1.00E-05,0,1
500,-2.00E-05,-1.00E-05,-1.00E-05,-2.00E-05,0,0,-2.00E-05,-1.00E-05,0,1
501,-2.00E-05,-1.00E-05,-1.00E-05,-2.00E-05,0,0,-2.00E-05,-1.00E-05,0,1
502,-2.00E-05,-1.00E-05,-1.00E-05,-2.00E-05,0,0,-2.00E-05,-1.00E-05,0,1
503,-2.00E-05,-1.00E-05,-1.00E-05,-2.00E-05,0,0,-2.00E-05,-1.00E-05,0,1
504,-2.00E-05,-1.00E-05,-1.00E-05,-2.00E-05,0,0,-2.00E-05,-1.00E-05,0,1
505,-2.00E-05,-1.00E-05,-1.00E-05,-2.00E-05,0,0,-2.00E-05,-1.00E-05,0,1
506,-1.00E-05,0,1.00E-05,1.00E-05,0,0,-2.00E-05,-2.00E-05,0,1
507,1.00E-05,-2.00E-05,-3.00E-05,-2.00E-05,-2.00E-05,-3.00E-05,-2.00E-05,-1.00E-05,0,1
508,-1.00E-05,-5.00E-05,-3.00E-05,-1.00E-05,-2.00E-05,0,-1.00E-05,-3.00E-05,0,1
509,-1.00E-05,-5.00E-05,-3.00E-05,-1.00E-05,-2.00E-05,0,-1.00E-05,-3.00E-05,0,1
510,-1.00E-05,-5.00E-05,-3.00E-05,-1.00E-05,-2.00E-05,0,-1.00E-05,-3.00E-05,0,1
511,-1.00E-05,-5.00E-05,-3.00E-05,-1.00E-05,-2.00E-05,0,-1.00E-05,-3.00E-05,0,1
512,-1.00E-05,-5.00E-05,-3.00E-05,-1.00E-05,-2.00E-05,0,-1.00E-05,-3.00E-05,0,1
513,-1.00E-05,-5.00E-05,-3.00E-05,-1.00E-05,-2.00E-05,0,-1.00E-05,-3.00E-05,0,1
514,-1.00E-05,-5.00E-05,-3.00E-05,-1.00E-05,-2.00E-05,0,-1.00E-05,-3.00E-05,0,1
515,-1.00E-05,-5.00E-05,-3.00E-05,-1.00E-05,-2.00E-05,0,-1.00E-05,-3.00E-05,0,1
516,-1.00E-05,-5.00E-05,-3.00E-05,-1.00E-05,-2.00E-05,0,-1.00E-05,-3.00E-05,0,1
517,-1.00E-05,-5.00E-05,-3.00E-05,-1.00E-05,-2.00E-05,0,-1.00E-05,-3.00E-05,0,1
518,-1.00E-05,-5.00E-05,-3.00E-05,-1.00E-05,-2.00E-05,0,-1.00E-05,-3.00E-05,0,1
519,-1.00E-05,-5.00E-05,-3.00E-05,-1.00E-05,-2.00E-05,0,-1.00E-05,-3.00E-05,0,1
520,-1.00E-05,-5.00E-05,-3.00E-05,-1.00E-05,-2.00E-05,0,-1.00E-05,-3.00E-05,0,1
521,-1.00E-05,-5.00E-05,-3.00E-05,-1.00E-05,-2.00E-05,0,-1.00E-05,-3.00E-05,0,1
522,-1.00E-05,-5.00E-05,-3.00E-05,-1.00E-05,-2.00E-05,0,-1.00E-05,-3.00E-05,0,1
523,-1.00E-05,-5.00E-05,-3.00E-05,-1.00E-05,-2.00E-05,0,-1.00E-05,-3.00E-05,0,1
524,-1.00E-05,-5.00E-05,-3.00E-05,-1.00E-05,-2.00E-05,0,-1.00E-05,-3.00E-05,0,1
525,-1.00E-05,-5.00E-05,-3.00E-05,-1.00E-05,-2.00E-05,0,-1.00E-05,-3.00E-05,0,1
526,-1.00E-05,-5.00E-05,-3.00E-05,-1.00E-05,-2.00E-05,0,-1.00E-05,-3.00E-05,0,1
529,-1.00E-05,-7.00E-05,-5.00E-05,-4.00E-05,-2.00E-05,-1.00E-05,-1.00E-05,-1.00E-05,0,1
530,-1.00E-05,-7.00E-05,-5.00E-05,-4.00E-05,-2.00E-05,-1.00E-05,-1.00E-05,-1.00E-05,0,1
531,-1.00E-05,-7.00E-05,-5.00E-05,-4.00E-05,-2.00E-05,-1.00E-05,-1.00E-05,-1.00E-05,0,1
532,-1.00E-05,-7.00E-05,-5.00E-05,-4.00E-05,-2.00E-05,-1.00E-05,-1.00E-05,-1.00E-05,0,1
533,-1.00E-05,-7.00E-05,-5.00E-05,-4.00E-05,-2.00E-05,-1.00E-05,-1.00E-05,-1.00E-05,0,1
534,-1.00E-05,-7.00E-05,-5.00E-05,-4.00E-05,-2.00E-05,-1.00E-05,-1.00E-05,-1.00E-05,0,1
535,-1.00E-05,-7.00E-05,-5.00E-05,-4.00E-05,-2.00E-05,-1.00E-05,-1.00E-05,-1.00E-05,0,1
536,-1.00E-05,-7.00E-05,-5.00E-05,-4.00E-05,-2.00E-05,-1.00E-05,-1.00E-05,-1.00E-05,0,1
539,-1.00E-05,-7.00E-05,-5.00E-05,-4.00E-05,-2.00E-05,-1.00E-05,-1.00E-05,-1.00E-05,0,1
540,-1.00E-05,-7.00E-05,-5.00E-05,-4.00E-05,-2.00E-05,-1.00E-05,-1.00E-05,-1.00E-05,0,1
541,-1.00E-05,-7.00E-05,-5.00E-05,-4.00E-05,-2.00E-05,-1.00E-05,-1.00E-05,-1.00E-05,0,1
542,-1.00E-05,1.00E-05,1.00E-05,2.00E-05,0,1.00E-05,-1.00E-05,-2.00E-05,0,1
544,-1.00E-05,1.00E-05,1.00E-05,2.00E-05,0,1.00E-05,-1.00E-05,-2.00E-05,0,1
545,-1.00E-05,1.00E-05,1.00E-05,2.00E-05,0,1.00E-05,-1.00E-05,-2.00E-05,0,1
546,-1.00E-05,1.00E-05,1.00E-05,2.00E-05,0,1.00E-05,-1.00E-05,-2.00E-05,0,1
547,-1.00E-05,1.00E-05,1.00E-05,2.00E-05,0,1.00E-05,-1.00E-05,-2.00E-05,0,1
548,-1.00E-05,1.00E-05,1.00E-05,2.00E-05,0,1.00E-05,-1.00E-05,-2.00E-05,0,1
549,-1.00E-05,1.00E-05,1.00E-05,2.00E-05,0,1.00E-05,-1.00E-05,-2.00E-05,0,1
550,-1.00E-05,1.00E-05,1.00E-05,2.00E-05,0,1.00E-05,-1.00E-05,-2.00E-05,0,1
551,-1.00E-05,1.00E-05,1.00E-05,2.00E-05,0,1.00E-05,-1.00E-05,-2.00E-05,0,1
552,-1.00E-05,1.00E-05,1.00E-05,2.00E-05,0,1.00E-05,-1.00E-05,-2.00E-05,0,1
553,-1.00E-05,1.00E-05,1.00E-05,2.00E-05,0,1.00E-05,-1.00E-05,-2.00E-05,0,1
554,-1.00E-05,1.00E-05,1.00E-05,2.00E-05,0,1.00E-05,-1.00E-05,-2.00E-05,0,1
555,-1.00E-05,1.00E-05,1.00E-05,2.00E-05,0,1.00E-05,-1.00E-05,-2.00E-05,0,1
556,-1.00E-05,1.00E-05,1.00E-05,2.00E-05,0,1.00E-05,-1.00E-05,-2.00E-05,0,1
557,-1.00E-05,1.00E-05,1.00E-05,2.00E-05,0,1.00E-05,-1.00E-05,-2.00E-05,0,1
558,-2.00E-05,1.00E-05,-3.00E-05,-3.00E-05,-1.00E-05,-2.00E-05,-1.00E-05,-2.00E-05,0,1
559,-2.00E-05,0,-3.00E-05,-3.00E-05,-1.00E-05,0,-1.00E-05,-1.00E-05,0,1
560,-2.00E-05,0,-3.00E-05,-3.00E-05,-1.00E-05,0,-1.00E-05,-1.00E-05,0,1
561,-2.00E-05,0,-3.00E-05,-3.00E-05,-1.00E-05,0,-1.00E-05,-1.00E-05,0,1
562,-2.00E-05,0,-3.00E-05,-3.00E-05,-1.00E-05,0,-1.00E-05,-1.00E-05,0,1
563,-2.00E-05,0,-3.00E-05,-3.00E-05,-1.00E-05,0,-1.00E-05,-1.00E-05,0,1
564,-2.00E-05,0,-3.00E-05,-3.00E-05,-1.00E-05,0,-1.00E-05,-1.00E-05,0,1
565,-2.00E-05,0,-3.00E-05,-3.00E-05,-1.00E-05,0,-1.00E-05,-1.00E-05,0,1
566,-2.00E-05,0,-3.00E-05,-3.00E-05,-1.00E-05,0,-1.00E-05,-1.00E-05,0,1
567,-2.00E-05,0,-3.00E-05,-3.00E-05,-1.00E-05,0,-1.00E-05,-1.00E-05,0,1
568,-2.00E-05,0,-3.00E-05,-3.00E-05,-1.00E-05,0,-1.00E-05,-1.00E-05,0,1
569,-2.00E-05,0,-3.00E-05,-3.00E-05,-1.00E-05,0,-1.00E-05,-1.00E-05,0,1
570,-2.00E-05,0,-3.00E-05,-3.00E-05,-1.00E-05,0,-1.00E-05,-1.00E-05,0,1
571,-2.00E-05,0,-3.00E-05,-3.00E-05,-1.00E-05,0,-1.00E-05,-1.00E-05,0,1
572,-2.00E-05,0,-3.00E-05,-3.00E-05,-1.00E-05,0,-1.00E-05,-1.00E-05,0,1
573,-2.00E-05,0,-3.00E-05,-3.00E-05,-1.00E-05,0,-1.00E-05,-1.00E-05,0,1
574,-2.00E-05,0,-3.00E-05,-3.00E-05,-1.00E-05,0,-1.00E-05,-1.00E-05,0,1
575,-2.00E-05,0,-3.00E-05,-3.00E-05,-1.00E-05,0,-1.00E-05,-1.00E-05,0,1
576,-2.00E-05,0,-3.00E-05,-3.00E-05,-1.00E-05,0,-1.00E-05,-1.00E-05,0,1
577,-2.00E-05,0,-3.00E-05,-3.00E-05,-1.00E-05,0,-1.00E-05,-1.00E-05,0,1
578,-2.00E-05,0,-3.00E-05,-3.00E-05,-1.00E-05,0,-1.00E-05,-1.00E-05,0,1
579,-2.00E-05,0,-3.00E-05,-3.00E-05,-1.00E-05,0,-1.00E-05,-1.00E-05,0,1
580,-3.00E-05,-2.00E-05,1.00E-05,-2.00E-05,-1.00E-05,-2.00E-05,0,-3.00E-05,0,1
581,-3.00E-05,-2.00E-05,1.00E-05,-2.00E-05,-1.00E-05,-2.00E-05,0,-3.00E-05,0,1
582,-2.00E-05,-1.00E-05,-1.00E-05,-1.00E-05,1.00E-05,-3.00E-05,-1.00E-05,0,0,1
583,-2.00E-05,-1.00E-05,-1.00E-05,-1.00E-05,1.00E-05,-3.00E-05,-1.00E-05,0,0,1
584,-2.00E-05,-1.00E-05,-1.00E-05,-1.00E-05,1.00E-05,-3.00E-05,-1.00E-05,0,0,1
585,-2.00E-05,-1.00E-05,-1.00E-05,-1.00E-05,1.00E-05,-3.00E-05,-1.00E-05,0,0,1
586,-2.00E-05,0,-3.00E-05,1.00E-05,-3.00E-05,0,-2.00E-05,0,0,1
588,-2.00E-05,0,-3.00E-05,1.00E-05,-3.00E-05,0,-2.00E-05,0,0,1
589,-2.00E-05,0,-3.00E-05,1.00E-05,-3.00E-05,0,-2.00E-05,0,0,1
590,-2.00E-05,0,-3.00E-05,1.00E-05,-3.00E-05,0,-2.00E-05,0,0,1
591,-2.00E-05,0,-3.00E-05,1.00E-05,-3.00E-05,0,-2.00E-05,0,0,1
592,-2.00E-05,0,-3.00E-05,1.00E-05,-3.00E-05,0,-2.00E-05,0,0,1
593,-2.00E-05,0,-3.00E-05,1.00E-05,-3.00E-05,0,-2.00E-05,0,0,1
594,-2.00E-05,0,-3.00E-05,1.00E-05,-3.00E-05,0,-2.00E-05,0,0,1
595,-2.00E-05,0,-3.00E-05,1.00E-05,-3.00E-05,0,-2.00E-05,0,0,1
596,-2.00E-05,0,-3.00E-05,1.00E-05,-3.00E-05,0,-2.00E-05,0,0,1
597,-2.00E-05,0,-3.00E-05,1.00E-05,-3.00E-05,0,-2.00E-05,0,0,1
598,-2.00E-05,0,-3.00E-05,1.00E-05,-3.00E-05,0,-2.00E-05,0,0,1
599,-2.00E-05,0,-3.00E-05,1.00E-05,-3.00E-05,0,-2.00E-05,0,0,1
600,-2.00E-05,0,-3.00E-05,1.00E-05,-3.00E-05,0,-2.00E-05,0,0,1
601,-2.00E-05,0,-3.00E-05,1.00E-05,-3.00E-05,0,-2.00E-05,0,0,1
602,0,-2.00E-05,-2.00E-05,-1.00E-05,-2.00E-05,-2.00E-05,0,-2.00E-05,0,1
603,0,-2.00E-05,-2.00E-05,-1.00E-05,-2.00E-05,-2.00E-05,0,-2.00E-05,0,1
604,0,-2.00E-05,-2.00E-05,-1.00E-05,-2.00E-05,-2.00E-05,0,-2.00E-05,0,1
605,0,-2.00E-05,-2.00E-05,-1.00E-05,-2.00E-05,-2.00E-05,0,-2.00E-05,0,1
606,0,-2.00E-05,-2.00E-05,-1.00E-05,-2.00E-05,-2.00E-05,0,-2.00E-05,0,1
607,0,-2.00E-05,-2.00E-05,-1.00E-05,-2.00E-05,-2.00E-05,0,-2.00E-05,0,1
608,0,-2.00E-05,-2.00E-05,-1.00E-05,-2.00E-05,-2.00E-05,0,-2.00E-05,0,1
609,-1.00E-05,-3.00E-05,-4.00E-05,-3.00E-05,0,-1.00E-05,2.00E-05,1.00E-05,0,1
610,-1.00E-05,-3.00E-05,-4.00E-05,-3.00E-05,0,-1.00E-05,2.00E-05,1.00E-05,0,1
611,-1.00E-05,-3.00E-05,-4.00E-05,-3.00E-05,0,-1.00E-05,2.00E-05,1.00E-05,0,1
612,-1.00E-05,-3.00E-05,-4.00E-05,-3.00E-05,0,-1.00E-05,2.00E-05,1.00E-05,0,1
613,-1.00E-05,-3.00E-05,-4.00E-05,-3.00E-05,0,-1.00E-05,2.00E-05,1.00E-05,0,1
614,-1.00E-05,-3.00E-05,-4.00E-05,-3.00E-05,0,-1.00E-05,2.00E-05,1.00E-05,0,1
615,-1.00E-05,-3.00E-05,-4.00E-05,-3.00E-05,0,-1.00E-05,2.00E-05,1.00E-05,0,1
616,-1.00E-05,-3.00E-05,-4.00E-05,-3.00E-05,0,-1.00E-05,2.00E-05,1.00E-05,0,1
617,-1.00E-05,-3.00E-05,-4.00E-05,-3.00E-05,0,-1.00E-05,2.00E-05,1.00E-05,0,1
618,-1.00E-05,-3.00E-05,-4.00E-05,-3.00E-05,0,-1.00E-05,2.00E-05,1.00E-05,0,1
619,-1.00E-05,-3.00E-05,-4.00E-05,-3.00E-05,0,-1.00E-05,2.00E-05,1.00E-05,0,1
620,-1.00E-05,-3.00E-05,-4.00E-05,-3.00E-05,0,-1.00E-05,2.00E-05,1.00E-05,0,1
621,-1.00E-05,-3.00E-05,-4.00E-05,-3.00E-05,0,-1.00E-05,2.00E-05,1.00E-05,0,1
622,-1.00E-05,-3.00E-05,-4.00E-05,-3.00E-05,0,-1.00E-05,2.00E-05,1.00E-05,0,1
623,-1.00E-05,-3.00E-05,-4.00E-05,-3.00E-05,0,-1.00E-05,2.00E-05,1.00E-05,0,1
624,-1.00E-05,-3.00E-05,-4.00E-05,-3.00E-05,0,-1.00E-05,2.00E-05,1.00E-05,0,1
625,-1.00E-05,-3.00E-05,-4.00E-05,-3.00E-05,0,-1.00E-05,2.00E-05,1.00E-05,0,1
626,-1.00E-05,-3.00E-05,-4.00E-05,-3.00E-05,0,-1.00E-05,2.00E-05,1.00E-05,0,1
627,-1.00E-05,-3.00E-05,-4.00E-05,-3.00E-05,0,-1.00E-05,2.00E-05,1.00E-05,0,1
628,-1.00E-05,-3.00E-05,-4.00E-05,-3.00E-05,0,-1.00E-05,2.00E-05,1.00E-05,0,1
629,-1.00E-05,-3.00E-05,-4.00E-05,-3.00E-05,0,-1.00E-05,2.00E-05,1.00E-05,0,1
630,-1.00E-05,-3.00E-05,-4.00E-05,-3.00E-05,0,-1.00E-05,2.00E-05,1.00E-05,0,1
631,-1.00E-05,-3.00E-05,-4.00E-05,-3.00E-05,0,-1.00E-05,2.00E-05,1.00E-05,0,1
632,-1.00E-05,-3.00E-05,-4.00E-05,-3.00E-05,0,-1.00E-05,2.00E-05,1.00E-05,0,1
633,-4.00E-05,-6.00E-05,-1.00E-05,0,0,-3.00E-05,0,0,0,1
634,-4.00E-05,-6.00E-05,-1.00E-05,0,0,-3.00E-05,0,0,0,1
635,-4.00E-05,-6.00E-05,-1.00E-05,0,0,-3.00E-05,0,0,0,1
636,-4.00E-05,-6.00E-05,-1.00E-05,0,0,-3.00E-05,0,0,0,1
639,-4.00E-05,-6.00E-05,-1.00E-05,0,0,-3.00E-05,0,0,0,1
640,-4.00E-05,-6.00E-05,-1.00E-05,0,0,-3.00E-05,0,0,0,1
641,-4.00E-05,-6.00E-05,-1.00E-05,0,0,-3.00E-05,0,0,0,1
642,-4.00E-05,-6.00E-05,-1.00E-05,0,0,-3.00E-05,0,0,0,1
643,-4.00E-05,-6.00E-05,-1.00E-05,0,0,-3.00E-05,0,0,0,1
644,-4.00E-05,-6.00E-05,-1.00E-05,0,0,-3.00E-05,0,0,0,1
645,-4.00E-05,-6.00E-05,-1.00E-05,0,0,-3.00E-05,0,0,0,1
646,-4.00E-05,-6.00E-05,-1.00E-05,0,0,-3.00E-05,0,0,0,1
647,-4.00E-05,-6.00E-05,-1.00E-05,0,0,-3.00E-05,0,0,0,1
648,-4.00E-05,-6.00E-05,-1.00E-05,0,0,-3.00E-05,0,0,0,1
649,-4.00E-05,-6.00E-05,-1.00E-05,0,0,-3.00E-05,0,0,0,1
650,-4.00E-05,-6.00E-05,-1.00E-05,0,0,-3.00E-05,0,0,0,1
651,-4.00E-05,-6.00E-05,-1.00E-05,0,0,-3.00E-05,0,0,0,1
652,-4.00E-05,-6.00E-05,-1.00E-05,0,0,-3.00E-05,0,0,0,1
653,-4.00E-05,-6.00E-05,-1.00E-05,0,0,-3.00E-05,0,0,0,1
654,-4.00E-05,-6.00E-05,-1.00E-05,0,0,-3.00E-05,0,0,0,1
655,1.00E-05,2.00E-05,1.00E-05,0,-1.00E-05,-2.00E-05,-3.00E-05,-1.00E-05,0,1
656,-1.00E-05,-1.00E-05,-3.00E-05,-1.00E-05,0,2.00E-05,0,0,0,1
657,-1.00E-05,-1.00E-05,-3.00E-05,-1.00E-05,0,2.00E-05,0,0,0,1
658,-1.00E-05,-1.00E-05,-3.00E-05,-1.00E-05,0,2.00E-05,0,0,0,1
659,-1.00E-05,-1.00E-05,-3.00E-05,-1.00E-05,0,2.00E-05,0,0,0,1
660,-1.00E-05,-1.00E-05,-3.00E-05,-1.00E-05,0,2.00E-05,0,0,0,1
661,-1.00E-05,-1.00E-05,-3.00E-05,-1.00E-05,0,2.00E-05,0,0,0,1
662,1.00E-05,0,1.00E-05,0,-1.00E-05,-1.00E-05,-1.00E-05,0,0,1
663,1.00E-05,4.00E-05,-1.00E-05,-1.00E-05,0,-2.00E-05,-2.00E-05,-2.00E-05,0,1
664,1.00E-05,4.00E-05,-1.00E-05,-1.00E-05,0,-2.00E-05,-2.00E-05,-2.00E-05,0,1
665,1.00E-05,4.00E-05,-1.00E-05,-1.00E-05,0,-2.00E-05,-2.00E-05,-2.00E-05,0,1
666,1.00E-05,4.00E-05,-1.00E-05,-1.00E-05,0,-2.00E-05,-2.00E-05,-2.00E-05,0,1
667,1.00E-05,4.00E-05,-1.00E-05,-1.00E-05,0,-2.00E-05,-2.00E-05,-2.00E-05,0,1
668,1.00E-05,4.00E-05,-1.00E-05,-1.00E-05,0,-2.00E-05,-2.00E-05,-2.00E-05,0,1
670,1.00E-05,4.00E-05,-1.00E-05,-1.00E-05,0,-2.00E-05,-2.00E-05,-2.00E-05,0,1
671,1.00E-05,4.00E-05,-1.00E-05,-1.00E-05,0,-2.00E-05,-2.00E-05,-2.00E-05,0,1
672,1.00E-05,4.00E-05,-1.00E-05,-1.00E-05,0,-2.00E-05,-2.00E-05,-2.00E-05,0,1
673,1.00E-05,4.00E-05,-1.00E-05,-1.00E-05,0,-2.00E-05,-2.00E-05,-2.00E-05,0,1
674,1.00E-05,4.00E-05,-1.00E-05,-1.00E-05,0,-2.00E-05,-2.00E-05,-2.00E-05,0,1
675,1.00E-05,4.00E-05,-1.00E-05,-1.00E-05,0,-2.00E-05,-2.00E-05,-2.00E-05,0,1
676,1.00E-05,4.00E-05,-1.00E-05,-1.00E-05,0,-2.00E-05,-2.00E-05,-2.00E-05,0,1
677,1.00E-05,4.00E-05,-1.00E-05,-1.00E-05,0,-2.00E-05,-2.00E-05,-2.00E-05,0,1
678,-2.00E-05,-1.00E-05,1.00E-05,0,0,0,1.00E-05,-2.00E-05,0,1
679,-2.00E-05,-1.00E-05,1.00E-05,0,0,0,1.00E-05,-2.00E-05,0,1
680,-2.00E-05,-1.00E-05,1.00E-05,0,0,0,1.00E-05,-2.00E-05,0,1
681,-2.00E-05,-1.00E-05,1.00E-05,0,0,0,1.00E-05,-2.00E-05,0,1
682,-2.00E-05,-1.00E-05,1.00E-05,0,0,0,1.00E-05,-2.00E-05,0,1
683,-2.00E-05,-1.00E-05,1.00E-05,0,0,0,1.00E-05,-2.00E-05,0,1
684,3.00E-05,2.00E-05,-1.00E-05,-1.00E-05,0,-2.00E-05,-1.00E-05,1.00E-05,0,1
685,3.00E-05,2.00E-05,-1.00E-05,-1.00E-05,0,-2.00E-05,-1.00E-05,1.00E-05,0,1
686,3.00E-05,2.00E-05,-1.00E-05,-1.00E-05,0,-2.00E-05,-1.00E-05,1.00E-05,0,1
689,3.00E-05,2.00E-05,-1.00E-05,-1.00E-05,0,-2.00E-05,-1.00E-05,1.00E-05,0,1
690,3.00E-05,2.00E-05,-1.00E-05,-1.00E-05,0,-2.00E-05,-1.00E-05,1.00E-05,0,1
691,3.00E-05,2.00E-05,-1.00E-05,-1.00E-05,0,-2.00E-05,-1.00E-05,1.00E-05,0,1
692,3.00E-05,2.00E-05,-1.00E-05,-1.00E-05,0,-2.00E-05,-1.00E-05,1.00E-05,0,1
693,3.00E-05,2.00E-05,-1.00E-05,-1.00E-05,0,-2.00E-05,-1.00E-05,1.00E-05,0,1
694,3.00E-05,2.00E-05,-1.00E-05,-1.00E-05,0,-2.00E-05,-1.00E-05,1.00E-05,0,1
695,3.00E-05,2.00E-05,-1.00E-05,-1.00E-05,0,-2.00E-05,-1.00E-05,1.00E-05,0,1
696,3.00E-05,2.00E-05,-1.00E-05,-1.00E-05,0,-2.00E-05,-1.00E-05,1.00E-05,0,1
697,3.00E-05,2.00E-05,-1.00E-05,-1.00E-05,0,-2.00E-05,-1.00E-05,1.00E-05,0,1
698,3.00E-05,2.00E-05,-1.00E-05,-1.00E-05,0,-2.00E-05,-1.00E-05,1.00E-05,0,1
699,3.00E-05,2.00E-05,-1.00E-05,-1.00E-05,0,-2.00E-05,-1.00E-05,1.00E-05,0,1
700,3.00E-05,2.00E-05,-1.00E-05,-1.00E-05,0,-2.00E-05,-1.00E-05,1.00E-05,0,1
701,3.00E-05,2.00E-05,-1.00E-05,-1.00E-05,0,-2.00E-05,-1.00E-05,1.00E-05,0,1
702,3.00E-05,2.00E-05,-1.00E-05,-1.00E-05,0,-2.00E-05,-1.00E-05,1.00E-05,0,1
703,3.00E-05,2.00E-05,-1.00E-05,-1.00E-05,0,-2.00E-05,-1.00E-05,1.00E-05,0,1
704,3.00E-05,2.00E-05,-1.00E-05,-1.00E-05,0,-2.00E-05,-1.00E-05,1.00E-05,0,1
705,3.00E-05,2.00E-05,-1.00E-05,-1.00E-05,0,-2.00E-05,-1.00E-05,1.00E-05,0,1
706,3.00E-05,2.00E-05,-1.00E-05,-1.00E-05,0,-2.00E-05,-1.00E-05,1.00E-05,0,1
707,3.00E-05,2.00E-05,-1.00E-05,-1.00E-05,0,-2.00E-05,-1.00E-05,1.00E-05,0,1
708,-1.00E-05,-1.00E-05,-1.00E-05,-1.00E-05,-3.00E-05,-1.00E-05,-2.00E-05,0,0,1
709,0,-1.00E-05,2.00E-05,1.00E-05,0,0,0,-1.00E-05,0,1
710,0,-1.00E-05,2.00E-05,1.00E-05,0,0,0,-1.00E-05,0,1
711,0,-1.00E-05,2.00E-05,1.00E-05,0,0,0,-1.00E-05,0,1
712,0,-1.00E-05,2.00E-05,1.00E-05,0,0,0,-1.00E-05,0,1
713,0,-1.00E-05,2.00E-05,1.00E-05,0,0,0,-1.00E-05,0,1
714,0,-1.00E-05,2.00E-05,1.00E-05,0,0,0,-1.00E-05,0,1
715,0,-1.00E-05,2.00E-05,1.00E-05,0,0,0,-1.00E-05,0,1
716,0,-1.00E-05,2.00E-05,1.00E-05,0,0,0,-1.00E-05,0,1
717,0,-1.00E-05,2.00E-05,1.00E-05,0,0,0,-1.00E-05,0,1
718,0,-1.00E-05,2.00E-05,1.00E-05,0,0,0,-1.00E-05,0,1
719,0,-1.00E-05,2.00E-05,1.00E-05,0,0,0,-1.00E-05,0,1
720,0,-1.00E-05,2.00E-05,1.00E-05,0,0,0,-1.00E-05,0,1
721,0,-1.00E-05,2.00E-05,1.00E-05,0,0,0,-1.00E-05,0,1
722,0,-1.00E-05,2.00E-05,1.00E-05,0,0,0,-1.00E-05,0,1
723,0,-1.00E-05,2.00E-05,1.00E-05,0,0,0,-1.00E-05,0,1
724,0,-1.00E-05,2.00E-05,1.00E-05,0,0,0,-1.00E-05,0,1
725,0,-1.00E-05,2.00E-05,1.00E-05,0,0,0,-1.00E-05,0,1
726,0,-1.00E-05,2.00E-05,1.00E-05,0,0,0,-1.00E-05,0,1
727,0,-1.00E-05,2.00E-05,1.00E-05,0,0,0,-1.00E-05,0,1
728,0,-1.00E-05,2.00E-05,1.00E-05,0,0,0,-1.00E-05,0,1
729,0,-1.00E-05,2.00E-05,1.00E-05,0,0,0,-1.00E-05,0,1
730,0,-1.00E-05,2.00E-05,1.00E-05,0,0,0,-1.00E-05,0,1
731,-2.00E-05,-1.00E-05,-2.00E-05,-1.00E-05,-3.00E-05,1.00E-05,1.00E-05,0,0,1
732,-2.00E-05,2.00E-05,2.00E-05,0,-2.00E-05,-1.00E-05,-1.00E-05,-1.00E-05,0,1
733,-2.00E-05,2.00E-05,2.00E-05,0,-2.00E-05,-1.00E-05,-1.00E-05,-1.00E-05,0,1
734,-2.00E-05,2.00E-05,2.00E-05,0,-2.00E-05,-1.00E-05,-1.00E-05,-1.00E-05,0,1
735,-2.00E-05,2.00E-05,2.00E-05,0,-2.00E-05,-1.00E-05,-1.00E-05,-1.00E-05,0,1
736,-2.00E-05,2.00E-05,2.00E-05,0,-2.00E-05,-1.00E-05,-1.00E-05,-1.00E-05,0,1
739,-3.00E-05,-5.00E-05,-2.00E-05,-1.00E-05,-2.00E-05,-2.00E-05,-2.00E-05,0,0,1
740,-3.00E-05,-5.00E-05,-2.00E-05,-1.00E-05,-2.00E-05,-2.00E-05,-2.00E-05,0,0,1
741,-3.00E-05,-5.00E-05,-2.00E-05,-1.00E-05,-2.00E-05,-2.00E-05,-2.00E-05,0,0,1
742,-3.00E-05,-5.00E-05,-2.00E-05,-1.00E-05,-2.00E-05,-2.00E-05,-2.00E-05,0,0,1
743,-3.00E-05,-5.00E-05,-2.00E-05,-1.00E-05,-2.00E-05,-2.00E-05,-2.00E-05,0,0,1
744,-1.00E-05,-1.00E-05,3.00E-05,-4.00E-05,-3.00E-05,-2.00E-05,-3.00E-05,-2.00E-05,0,1
745,-1.00E-05,-1.00E-05,3.00E-05,-4.00E-05,-3.00E-05,-2.00E-05,-3.00E-05,-2.00E-05,0,1
746,-1.00E-05,-1.00E-05,3.00E-05,-4.00E-05,-3.00E-05,-2.00E-05,-3.00E-05,-2.00E-05,0,1
747,-1.00E-05,-1.00E-05,3.00E-05,-4.00E-05,-3.00E-05,-2.00E-05,-3.00E-05,-2.00E-05,0,1
748,-1.00E-05,-1.00E-05,3.00E-05,-4.00E-05,-3.00E-05,-2.00E-05,-3.00E-05,-2.00E-05,0,1
749,-1.00E-05,-1.00E-05,3.00E-05,-4.00E-05,-3.00E-05,-2.00E-05,-3.00E-05,-2.00E-05,0,1
750,-1.00E-05,-1.00E-05,3.00E-05,-4.00E-05,-3.00E-05,-2.00E-05,-3.00E-05,-2.00E-05,0,1
751,-1.00E-05,-1.00E-05,3.00E-05,-4.00E-05,-3.00E-05,-2.00E-05,-3.00E-05,-2.00E-05,0,1
752,-1.00E-05,-1.00E-05,3.00E-05,-4.00E-05,-3.00E-05,-2.00E-05,-3.00E-05,-2.00E-05,0,1
753,-1.00E-05,-1.00E-05,3.00E-05,-4.00E-05,-3.00E-05,-2.00E-05,-3.00E-05,-2.00E-05,0,1
754,-1.00E-05,-1.00E-05,3.00E-05,-4.00E-05,-3.00E-05,-2.00E-05,-3.00E-05,-2.00E-05,0,1
755,-1.00E-05,-1.00E-05,3.00E-05,-4.00E-05,-3.00E-05,-2.00E-05,-3.00E-05,-2.00E-05,0,1
756,-1.00E-05,-1.00E-05,3.00E-05,-4.00E-05,-3.00E-05,-2.00E-05,-3.00E-05,-2.00E-05,0,1
757,-1.00E-05,-1.00E-05,3.00E-05,-4.00E-05,-3.00E-05,-2.00E-05,-3.00E-05,-2.00E-05,0,1
758,-1.00E-05,-1.00E-05,3.00E-05,-4.00E-05,-3.00E-05,-2.00E-05,-3.00E-05,-2.00E-05,0,1
759,-1.00E-05,-1.00E-05,3.00E-05,-4.00E-05,-3.00E-05,-2.00E-05,-3.00E-05,-2.00E-05,0,1
760,-1.00E-05,-1.00E-05,3.00E-05,-4.00E-05,-3.00E-05,-2.00E-05,-3.00E-05,-2.00E-05,0,1
761,-1.00E-05,0,1.00E-05,-2.00E-05,-3.00E-05,-1.00E-05,0,-1.00E-05,0,1
762,-1.00E-05,0,1.00E-05,-2.00E-05,-3.00E-05,-1.00E-05,0,-1.00E-05,0,1
763,-1.00E-05,0,1.00E-05,-2.00E-05,-3.00E-05,-1.00E-05,0,-1.00E-05,0,1
764,-1.00E-05,0,1.00E-05,-2.00E-05,-3.00E-05,-1.00E-05,0,-1.00E-05,0,1
765,-1.00E-05,0,1.00E-05,-2.00E-05,-3.00E-05,-1.00E-05,0,-1.00E-05,0,1
766,-1.00E-05,0,1.00E-05,-2.00E-05,-3.00E-05,-1.00E-05,0,-1.00E-05,0,1
767,-1.00E-05,0,1.00E-05,-2.00E-05,-3.00E-05,-1.00E-05,0,-1.00E-05,0,1
768,-1.00E-05,0,1.00E-05,-2.00E-05,-3.00E-05,-1.00E-05,0,-1.00E-05,0,1
769,-1.00E-05,0,1.00E-05,-2.00E-05,-3.00E-05,-1.00E-05,0,-1.00E-05,0,1
770,-1.00E-05,0,1.00E-05,-2.00E-05,-3.00E-05,-1.00E-05,0,-1.00E-05,0,1
771,-1.00E-05,0,1.00E-05,-2.00E-05,-3.00E-05,-1.00E-05,0,-1.00E-05,0,1
772,-1.00E-05,0,1.00E-05,-2.00E-05,-3.00E-05,-1.00E-05,0,-1.00E-05,0,1
773,-1.00E-05,0,1.00E-05,-2.00E-05,-3.00E-05,-1.00E-05,0,-1.00E-05,0,1
774,-1.00E-05,0,1.00E-05,-2.00E-05,-3.00E-05,-1.00E-05,0,-1.00E-05,0,1
775,-1.00E-05,0,1.00E-05,-2.00E-05,-3.00E-05,-1.00E-05,0,-1.00E-05,0,1
776,-1.00E-05,0,1.00E-05,-2.00E-05,-3.00E-05,-1.00E-05,0,-1.00E-05,0,1
777,-1.00E-05,0,1.00E-05,-2.00E-05,-3.00E-05,-1.00E-05,0,-1.00E-05,0,1
778,-1.00E-05,0,1.00E-05,-2.00E-05,-3.00E-05,-1.00E-05,0,-1.00E-05,0,1
779,-1.00E-05,0,1.00E-05,-2.00E-05,-3.00E-05,-1.00E-05,0,-1.00E-05,0,1
780,-1.00E-05,0,1.00E-05,-2.00E-05,-3.00E-05,-1.00E-05,0,-1.00E-05,0,1
781,-1.00E-05,0,1.00E-05,-2.00E-05,-3.00E-05,-1.00E-05,0,-1.00E-05,0,1
782,-1.00E-05,0,1.00E-05,-2.00E-05,-3.00E-05,-1.00E-05,0,-1.00E-05,0,1
783,1.00E-05,-1.00E-05,-3.00E-05,0,1.00E-05,-1.00E-05,-1.00E-05,0,0,1
784,1.00E-05,-1.00E-05,-3.00E-05,0,1.00E-05,-1.00E-05,-1.00E-05,0,0,1
785,0,2.00E-05,0,-1.00E-05,-3.00E-05,-1.00E-05,-2.00E-05,-1.00E-05,0,1
786,-1.00E-05,-1.00E-05,-1.00E-05,2.00E-05,-2.00E-05,-1.00E-05,-2.00E-05,-2.00E-05,0,1
789,-1.00E-05,-1.00E-05,-1.00E-05,2.00E-05,-2.00E-05,-1.00E-05,-2.00E-05,-2.00E-05,0,1
790,-1.00E-05,-1.00E-05,-1.00E-05,2.00E-05,-2.00E-05,-1.00E-05,-2.00E-05,-2.00E-05,0,1
791,-1.00E-05,-1.00E-05,-1.00E-05,2.00E-05,-2.00E-05,-1.00E-05,-2.00E-05,-2.00E-05,0,1
792,-1.00E-05,-1.00E-05,-1.00E-05,2.00E-05,-2.00E-05,-1.00E-05,-2.00E-05,-2.00E-05,0,1
793,-1.00E-05,-1.00E-05,-1.00E-05,2.00E-05,-2.00E-05,-1.00E-05,-2.00E-05,-2.00E-05,0,1
794,-1.00E-05,-1.00E-05,-1.00E-05,2.00E-05,-2.00E-05,-1.00E-05,-2.00E-05,-2.00E-05,0,1
795,-1.00E-05,-1.00E-05,-1.00E-05,2.00E-05,-2.00E-05,-1.00E-05,-2.00E-05,-2.00E-05,0,1
796,-1.00E-05,-1.00E-05,-1.00E-05,2.00E-05,-2.00E-05,-1.00E-05,-2.00E-05,-2.00E-05,0,1
797,-1.00E-05,-1.00E-05,-1.00E-05,2.00E-05,-2.00E-05,-1.00E-05,-2.00E-05,-2.00E-05,0,1
798,-1.00E-05,-1.00E-05,-1.00E-05,2.00E-05,-2.00E-05,-1.00E-05,-2.00E-05,-2.00E-05,0,1
799,-1.00E-05,-1.00E-05,-1.00E-05,2.00E-05,-2.00E-05,-1.00E-05,-2.00E-05,-2.00E-05,0,1
800,-1.00E-05,-1.00E-05,-1.00E-05,2.00E-05,-2.00E-05,-1.00E-05,-2.00E-05,-2.00E-05,0,1
801,-1.00E-05,-1.00E-05,-1.00E-05,2.00E-05,-2.00E-05,-1.00E-05,-2.00E-05,-2.00E-05,0,1
802,-1.00E-05,-1.00E-05,-1.00E-05,2.00E-05,-2.00E-05,-1.00E-05,-2.00E-05,-2.00E-05,0,1
803,-1.00E-05,-1.00E-05,-1.00E-05,2.00E-05,-2.00E-05,-1.00E-05,-2.00E-05,-2.00E-05,0,1
804,-1.00E-05,-1.00E-05,-1.00E-05,2.00E-05,-2.00E-05,-1.00E-05,-2.00E-05,-2.00E-05,0,1
805,-1.00E-05,-1.00E-05,-1.00E-05,2.00E-05,-2.00E-05,-1.00E-05,-2.00E-05,-2.00E-05,0,1
806,-2.00E-05,-1.00E-05,-5.00E-05,-2.00E-05,-1.00E-05,-2.00E-05,-1.00E-05,-2.00E-05,0,1
807,-1.00E-05,-3.00E-05,-5.00E-05,-4.00E-05,-2.00E-05,0,0,-4.00E-05,0,1
808,-1.00E-05,-3.00E-05,-5.00E-05,-4.00E-05,-2.00E-05,0,0,-4.00E-05,0,1
809,-1.00E-05,-3.00E-05,-5.00E-05,-4.00E-05,-2.00E-05,0,0,-4.00E-05,0,1
810,-1.00E-05,-3.00E-05,-5.00E-05,-4.00E-05,-2.00E-05,0,0,-4.00E-05,0,1
811,-1.00E-05,-3.00E-05,-5.00E-05,-4.00E-05,-2.00E-05,0,0,-4.00E-05,0,1
812,-1.00E-05,-3.00E-05,-5.00E-05,-4.00E-05,-2.00E-05,0,0,-4.00E-05,0,1
813,-1.00E-05,-3.00E-05,-5.00E-05,-4.00E-05,-2.00E-05,0,0,-4.00E-05,0,1
814,-1.00E-05,-3.00E-05,-5.00E-05,-4.00E-05,-2.00E-05,0,0,-4.00E-05,0,1
815,-1.00E-05,-3.00E-05,-5.00E-05,-4.00E-05,-2.00E-05,0,0,-4.00E-05,0,1
816,-1.00E-05,-3.00E-05,-5.00E-05,-4.00E-05,-2.00E-05,0,0,-4.00E-05,0,1
817,-1.00E-05,-3.00E-05,-5.00E-05,-4.00E-05,-2.00E-05,0,0,-4.00E-05,0,1
818,-1.00E-05,-3.00E-05,-5.00E-05,-4.00E-05,-2.00E-05,0,0,-4.00E-05,0,1
819,0,-1.00E-05,1.00E-05,0,1.00E-05,1.00E-05,-2.00E-05,-1.00E-05,0,1
820,0,-1.00E-05,1.00E-05,0,1.00E-05,1.00E-05,-2.00E-05,-1.00E-05,0,1
821,0,-1.00E-05,1.00E-05,0,1.00E-05,1.00E-05,-2.00E-05,-1.00E-05,0,1
822,0,-1.00E-05,1.00E-05,0,1.00E-05,1.00E-05,-2.00E-05,-1.00E-05,0,1
823,0,-1.00E-05,1.00E-05,0,1.00E-05,1.00E-05,-2.00E-05,-1.00E-05,0,1
824,0,-1.00E-05,1.00E-05,0,1.00E-05,1.00E-05,-2.00E-05,-1.00E-05,0,1
825,0,-1.00E-05,1.00E-05,0,1.00E-05,1.00E-05,-2.00E-05,-1.00E-05,0,1
826,0,-1.00E-05,-5.00E-05,-5.00E-05,-3.00E-05,0,-1.00E-05,-1.00E-05,0,1
827,-2.00E-05,2.00E-05,-1.00E-05,1.00E-05,0,-1.00E-05,0,0,0,1
828,-2.00E-05,2.00E-05,-1.00E-05,1.00E-05,0,-1.00E-05,0,0,0,1
829,-2.00E-05,2.00E-05,-1.00E-05,1.00E-05,0,-1.00E-05,0,0,0,1
830,-2.00E-05,2.00E-05,-1.00E-05,1.00E-05,0,-1.00E-05,0,0,0,1
831,-2.00E-05,2.00E-05,-1.00E-05,1.00E-05,0,-1.00E-05,0,0,0,1
832,-2.00E-05,2.00E-05,-1.00E-05,1.00E-05,0,-1.00E-05,0,0,0,1
833,-2.00E-05,2.00E-05,-1.00E-05,1.00E-05,0,-1.00E-05,0,0,0,1
834,-2.00E-05,2.00E-05,-1.00E-05,1.00E-05,0,-1.00E-05,0,0,0,1
835,-2.00E-05,2.00E-05,-1.00E-05,1.00E-05,0,-1.00E-05,0,0,0,1
836,-2.00E-05,2.00E-05,-1.00E-05,1.00E-05,0,-1.00E-05,0,0,0,1
839,-2.00E-05,2.00E-05,-1.00E-05,1.00E-05,0,-1.00E-05,0,0,0,1
840,-2.00E-05,2.00E-05,-1.00E-05,1.00E-05,0,-1.00E-05,0,0,0,1
841,-2.00E-05,2.00E-05,-1.00E-05,1.00E-05,0,-1.00E-05,0,0,0,1
842,-1.00E-05,3.00E-05,2.00E-05,-1.00E-05,-1.00E-05,-2.00E-05,0,-1.00E-05,0,1
843,-2.00E-05,-4.00E-05,-3.00E-05,-3.00E-05,-1.00E-05,-1.00E-05,-1.00E-05,0,0,1
844,-2.00E-05,-4.00E-05,-3.00E-05,-3.00E-05,-1.00E-05,-1.00E-05,-1.00E-05,0,0,1
845,-2.00E-05,-4.00E-05,-3.00E-05,-3.00E-05,-1.00E-05,-1.00E-05,-1.00E-05,0,0,1
846,-2.00E-05,-4.00E-05,-3.00E-05,-3.00E-05,-1.00E-05,-1.00E-05,-1.00E-05,0,0,1
847,-2.00E-05,-4.00E-05,-3.00E-05,-3.00E-05,-1.00E-05,-1.00E-05,-1.00E-05,0,0,1
848,-2.00E-05,-4.00E-05,-3.00E-05,-3.00E-05,-1.00E-05,-1.00E-05,-1.00E-05,0,0,1
849,-2.00E-05,-4.00E-05,-3.00E-05,-3.00E-05,-1.00E-05,-1.00E-05,-1.00E-05,0,0,1
850,-2.00E-05,-4.00E-05,-3.00E-05,-3.00E-05,-1.00E-05,-1.00E-05,-1.00E-05,0,0,1
851,-2.00E-05,-4.00E-05,-3.00E-05,-3.00E-05,-1.00E-05,-1.00E-05,-1.00E-05,0,0,1
852,-2.00E-05,-4.00E-05,-3.00E-05,-3.00E-05,-1.00E-05,-1.00E-05,-1.00E-05,0,0,1
853,-2.00E-05,-4.00E-05,-3.00E-05,-3.00E-05,-1.00E-05,-1.00E-05,-1.00E-05,0,0,1
854,-2.00E-05,-4.00E-05,-3.00E-05,-3.00E-05,-1.00E-05,-1.00E-05,-1.00E-05,0,0,1
855,-2.00E-05,-4.00E-05,-3.00E-05,-3.00E-05,-1.00E-05,-1.00E-05,-1.00E-05,0,0,1
856,-2.00E-05,-4.00E-05,-3.00E-05,-3.00E-05,-1.00E-05,-1.00E-05,-1.00E-05,0,0,1
857,-2.00E-05,-4.00E-05,-3.00E-05,-3.00E-05,-1.00E-05,-1.00E-05,-1.00E-05,0,0,1
858,1.00E-05,2.00E-05,1.00E-05,0,0,-1.00E-05,-2.00E-05,-1.00E-05,0,1
859,1.00E-05,2.00E-05,1.00E-05,0,0,-1.00E-05,-2.00E-05,-1.00E-05,0,1
860,1.00E-05,2.00E-05,1.00E-05,0,0,-1.00E-05,-2.00E-05,-1.00E-05,0,1
861,1.00E-05,2.00E-05,1.00E-05,0,0,-1.00E-05,-2.00E-05,-1.00E-05,0,1
862,1.00E-05,2.00E-05,1.00E-05,0,0,-1.00E-05,-2.00E-05,-1.00E-05,0,1
863,1.00E-05,2.00E-05,1.00E-05,0,0,-1.00E-05,-2.00E-05,-1.00E-05,0,1
864,-1.00E-05,-1.00E-05,-1.00E-05,-2.00E-05,-1.00E-05,-2.00E-05,0,0,0,1
865,-1.00E-05,-1.00E-05,-1.00E-05,-2.00E-05,-1.00E-05,-2.00E-05,0,0,0,1
866,-1.00E-05,-1.00E-05,-1.00E-05,-2.00E-05,-1.00E-05,-2.00E-05,0,0,0,1
867,-1.00E-05,-1.00E-05,-1.00E-05,-2.00E-05,-1.00E-05,-2.00E-05,0,0,0,1
868,-1.00E-05,-1.00E-05,-1.00E-05,-2.00E-05,-1.00E-05,-2.00E-05,0,0,0,1
869,-1.00E-05,-1.00E-05,-1.00E-05,-2.00E-05,-1.00E-05,-2.00E-05,0,0,0,1
870,-1.00E-05,-1.00E-05,-1.00E-05,-2.00E-05,-1.00E-05,-2.00E-05,0,0,0,1
871,-1.00E-05,-1.00E-05,-1.00E-05,-2.00E-05,-1.00E-05,-2.00E-05,0,0,0,1
873,-1.00E-05,-1.00E-05,-1.00E-05,-2.00E-05,-1.00E-05,-2.00E-05,0,0,0,1
874,-1.00E-05,-1.00E-05,-1.00E-05,-2.00E-05,-1.00E-05,-2.00E-05,0,0,0,1
875,-1.00E-05,-1.00E-05,-1.00E-05,-2.00E-05,-1.00E-05,-2.00E-05,0,0,0,1
876,-1.00E-05,-1.00E-05,-1.00E-05,-2.00E-05,-1.00E-05,-2.00E-05,0,0,0,1
877,-1.00E-05,-1.00E-05,-1.00E-05,-2.00E-05,-1.00E-05,-2.00E-05,0,0,0,1
878,-1.00E-05,-1.00E-05,-1.00E-05,-2.00E-05,-1.00E-05,-2.00E-05,0,0,0,1
879,-6.00E-05,-6.00E-05,-7.00E-05,-7.00E-05,-5.00E-05,-2.00E-05,-1.00E-05,-2.00E-05,0,1
880,-6.00E-05,-6.00E-05,-7.00E-05,-7.00E-05,-5.00E-05,-2.00E-05,-1.00E-05,-2.00E-05,0,1
881,-6.00E-05,-6.00E-05,-7.00E-05,-7.00E-05,-5.00E-05,-2.00E-05,-1.00E-05,-2.00E-05,0,1
882,-6.00E-05,-6.00E-05,-7.00E-05,-7.00E-05,-5.00E-05,-2.00E-05,-1.00E-05,-2.00E-05,0,1
883,-6.00E-05,-6.00E-05,-7.00E-05,-7.00E-05,-5.00E-05,-2.00E-05,-1.00E-05,-2.00E-05,0,1
884,-6.00E-05,-6.00E-05,-7.00E-05,-7.00E-05,-5.00E-05,-2.00E-05,-1.00E-05,-2.00E-05,0,1
885,-6.00E-05,-6.00E-05,-7.00E-05,-7.00E-05,-5.00E-05,-2.00E-05,-1.00E-05,-2.00E-05,0,1
886,1.00E-05,-1.00E-05,0,2.00E-05,1.00E-05,0,-2.00E-05,-2.00E-05,0,1
889,1.00E-05,-1.00E-05,0,2.00E-05,1.00E-05,0,-2.00E-05,-2.00E-05,0,1
890,1.00E-05,-1.00E-05,0,2.00E-05,1.00E-05,0,-2.00E-05,-2.00E-05,0,1
891,1.00E-05,-1.00E-05,0,2.00E-05,1.00E-05,0,-2.00E-05,-2.00E-05,0,1
892,1.00E-05,-1.00E-05,0,2.00E-05,1.00E-05,0,-2.00E-05,-2.00E-05,0,1
893,1.00E-05,-1.00E-05,0,2.00E-05,1.00E-05,0,-2.00E-05,-2.00E-05,0,1
894,1.00E-05,-1.00E-05,0,2.00E-05,1.00E-05,0,-2.00E-05,-2.00E-05,0,1
895,1.00E-05,-1.00E-05,0,2.00E-05,1.00E-05,0,-2.00E-05,-2.00E-05,0,1
896,1.00E-05,-1.00E-05,0,2.00E-05,1.00E-05,0,-2.00E-05,-2.00E-05,0,1
897,1.00E-05,-1.00E-05,0,2.00E-05,1.00E-05,0,-2.00E-05,-2.00E-05,0,1
898,1.00E-05,-1.00E-05,0,2.00E-05,1.00E-05,0,-2.00E-05,-2.00E-05,0,1
899,1.00E-05,-1.00E-05,0,2.00E-05,1.00E-05,0,-2.00E-05,-2.00E-05,0,1
900,1.00E-05,-1.00E-05,0,2.00E-05,1.00E-05,0,-2.00E-05,-2.00E-05,0,1
901,1.00E-05,-1.00E-05,0,2.00E-05,1.00E-05,0,-2.00E-05,-2.00E-05,0,1
902,1.00E-05,-1.00E-05,0,2.00E-05,1.00E-05,0,-2.00E-05,-2.00E-05,0,1
903,1.00E-05,-1.00E-05,0,2.00E-05,1.00E-05,0,-2.00E-05,-2.00E-05,0,1
904,1.00E-05,-1.00E-05,0,2.00E-05,1.00E-05,0,-2.00E-05,-2.00E-05,0,1
905,1.00E-05,-1.00E-05,0,2.00E-05,1.00E-05,0,-2.00E-05,-2.00E-05,0,1
906,1.00E-05,-1.00E-05,0,2.00E-05,1.00E-05,0,-2.00E-05,-2.00E-05,0,1
907,1.00E-05,-1.00E-05,0,2.00E-05,1.00E-05,0,-2.00E-05,-2.00E-05,0,1
908,1.00E-05,-1.00E-05,0,2.00E-05,1.00E-05,0,-2.00E-05,-2.00E-05,0,1
909,1.00E-05,1.00E-05,2.00E-05,1.00E-05,-1.00E-05,-1.00E-05,-2.00E-05,-2.00E-05,0,1
910,-3.00E-05,0,1.00E-05,1.00E-05,-1.00E-05,0,0,-2.00E-05,0,1
911,-3.00E-05,0,1.00E-05,1.00E-05,-1.00E-05,0,0,-2.00E-05,0,1
912,-3.00E-05,0,1.00E-05,1.00E-05,-1.00E-05,0,0,-2.00E-05,0,1
913,-3.00E-05,0,1.00E-05,1.00E-05,-1.00E-05,0,0,-2.00E-05,0,1
914,-3.00E-05,0,1.00E-05,1.00E-05,-1.00E-05,0,0,-2.00E-05,0,1
915,-3.00E-05,0,1.00E-05,1.00E-05,-1.00E-05,0,0,-2.00E-05,0,1
916,-3.00E-05,0,1.00E-05,1.00E-05,-1.00E-05,0,0,-2.00E-05,0,1
917,-3.00E-05,0,1.00E-05,1.00E-05,-1.00E-05,0,0,-2.00E-05,0,1
918,-1.00E-05,-4.00E-05,-4.00E-05,0,-2.00E-05,-2.00E-05,0,0,0,1
919,-1.00E-05,-4.00E-05,-4.00E-05,0,-2.00E-05,-2.00E-05,0,0,0,1
920,-1.00E-05,-4.00E-05,-4.00E-05,0,-2.00E-05,-2.00E-05,0,0,0,1
921,-1.00E-05,-4.00E-05,-4.00E-05,0,-2.00E-05,-2.00E-05,0,0,0,1
922,-1.00E-05,-4.00E-05,-4.00E-05,0,-2.00E-05,-2.00E-05,0,0,0,1
923,-1.00E-05,-4.00E-05,-4.00E-05,0,-2.00E-05,-2.00E-05,0,0,0,1
924,-2.00E-05,0,1.00E-05,-2.00E-05,-2.00E-05,-2.00E-05,-2.00E-05,1.00E-05,0,1
925,-2.00E-05,0,1.00E-05,-2.00E-05,-2.00E-05,-2.00E-05,-2.00E-05,1.00E-05,0,1
926,-2.00E-05,0,1.00E-05,-2.00E-05,-2.00E-05,-2.00E-05,-2.00E-05,1.00E-05,0,1
927,-2.00E-05,0,1.00E-05,-2.00E-05,-2.00E-05,-2.00E-05,-2.00E-05,1.00E-05,0,1
928,-2.00E-05,0,1.00E-05,-2.00E-05,-2.00E-05,-2.00E-05,-2.00E-05,1.00E-05,0,1
929,-2.00E-05,0,1.00E-05,-2.00E-05,-2.00E-05,-2.00E-05,-2.00E-05,1.00E-05,0,1
930,-2.00E-05,0,1.00E-05,-2.00E-05,-2.00E-05,-2.00E-05,-2.00E-05,1.00E-05,0,1
931,-2.00E-05,0,1.00E-05,-2.00E-05,-2.00E-05,-2.00E-05,-2.00E-05,1.00E-05,0,1
932,-2.00E-05,0,1.00E-05,-2.00E-05,-2.00E-05,-2.00E-05,-2.00E-05,1.00E-05,0,1
933,-2.00E-05,0,1.00E-05,-2.00E-05,-2.00E-05,-2.00E-05,-2.00E-05,1.00E-05,0,1
934,-2.00E-05,0,1.00E-05,-2.00E-05,-2.00E-05,-2.00E-05,-2.00E-05,1.00E-05,0,1
935,-2.00E-05,0,1.00E-05,-2.00E-05,-2.00E-05,-2.00E-05,-2.00E-05,1.00E-05,0,1
936,-2.00E-05,0,1.00E-05,-2.00E-05,-2.00E-05,-2.00E-05,-2.00E-05,1.00E-05,0,1
939,-4.00E-05,-4.00E-05,-1.00E-05,-2.00E-05,-3.00E-05,-1.00E-05,1.00E-05,-1.00E-05,0,1
940,-4.00E-05,-4.00E-05,-1.00E-05,-2.00E-05,-3.00E-05,-1.00E-05,1.00E-05,-1.00E-05,0,1
941,-4.00E-05,-4.00E-05,-1.00E-05,-2.00E-05,-3.00E-05,-1.00E-05,1.00E-05,-1.00E-05,0,1
942,-4.00E-05,-4.00E-05,-1.00E-05,-2.00E-05,-3.00E-05,-1.00E-05,1.00E-05,-1.00E-05,0,1
943,-4.00E-05,-4.00E-05,-1.00E-05,-2.00E-05,-3.00E-05,-1.00E-05,1.00E-05,-1.00E-05,0,1
944,-4.00E-05,-4.00E-05,-1.00E-05,-2.00E-05,-3.00E-05,-1.00E-05,1.00E-05,-1.00E-05,0,1
945,-4.00E-05,-4.00E-05,-1.00E-05,-2.00E-05,-3.00E-05,-1.00E-05,1.00E-05,-1.00E-05,0,1
946,0,-1.00E-05,0,-2.00E-05,0,0,1.00E-05,0,0,1
947,0,-1.00E-05,0,-2.00E-05,0,0,1.00E-05,0,0,1
948,0,-1.00E-05,0,-2.00E-05,0,0,1.00E-05,0,0,1
949,0,-1.00E-05,0,-2.00E-05,0,0,1.00E-05,0,0,1
950,0,-1.00E-05,0,-2.00E-05,0,0,1.00E-05,0,0,1
951,0,-1.00E-05,0,-2.00E-05,0,0,1.00E-05,0,0,1
952,0,-1.00E-05,0,-2.00E-05,0,0,1.00E-05,0,0,1
953,0,-1.00E-05,0,-2.00E-05,0,0,1.00E-05,0,0,1
954,0,-1.00E-05,0,-2.00E-05,0,0,1.00E-05,0,0,1
955,0,-1.00E-05,0,-2.00E-05,0,0,1.00E-05,0,0,1
956,0,-1.00E-05,0,-2.00E-05,0,0,1.00E-05,0,0,1
957,0,-1.00E-05,0,-2.00E-05,0,0,1.00E-05,0,0,1
958,0,-1.00E-05,0,-2.00E-05,0,0,1.00E-05,0,0,1
959,0,-1.00E-05,0,-2.00E-05,0,0,1.00E-05,0,0,1
960,0,-1.00E-05,0,-2.00E-05,0,0,1.00E-05,0,0,1
961,0,-1.00E-05,0,-2.00E-05,0,0,1.00E-05,0,0,1
962,0,0,-1.00E-05,0,0,0,-2.00E-05,-3.00E-05,0,1
963,-2.00E-05,1.00E-05,0,1.00E-05,-1.00E-05,-2.00E-05,-2.00E-05,-2.00E-05,0,1
964,-2.00E-05,1.00E-05,0,1.00E-05,-1.00E-05,-2.00E-05,-2.00E-05,-2.00E-05,0,1
965,-2.00E-05,1.00E-05,0,1.00E-05,-1.00E-05,-2.00E-05,-2.00E-05,-2.00E-05,0,1
966,-2.00E-05,1.00E-05,0,1.00E-05,-1.00E-05,-2.00E-05,-2.00E-05,-2.00E-05,0,1
967,-2.00E-05,1.00E-05,0,1.00E-05,-1.00E-05,-2.00E-05,-2.00E-05,-2.00E-05,0,1
968,-2.00E-05,1.00E-05,0,1.00E-05,-1.00E-05,-2.00E-05,-2.00E-05,-2.00E-05,0,1
969,-2.00E-05,1.00E-05,0,1.00E-05,-1.00E-05,-2.00E-05,-2.00E-05,-2.00E-05,0,1
970,-2.00E-05,1.00E-05,0,1.00E-05,-1.00E-05,-2.00E-05,-2.00E-05,-2.00E-05,0,1
971,-2.00E-05,1.00E-05,0,1.00E-05,-1.00E-05,-2.00E-05,-2.00E-05,-2.00E-05,0,1
972,-2.00E-05,1.00E-05,0,1.00E-05,-1.00E-05,-2.00E-05,-2.00E-05,-2.00E-05,0,1
973,-2.00E-05,1.00E-05,0,1.00E-05,-1.00E-05,-2.00E-05,-2.00E-05,-2.00E-05,0,1
974,-2.00E-05,1.00E-05,0,1.00E-05,-1.00E-05,-2.00E-05,-2.00E-05,-2.00E-05,0,1
975,-2.00E-05,1.00E-05,0,1.00E-05,-1.00E-05,-2.00E-05,-2.00E-05,-2.00E-05,0,1
976,-2.00E-05,1.00E-05,0,1.00E-05,-1.00E-05,-2.00E-05,-2.00E-05,-2.00E-05,0,1
977,-2.00E-05,1.00E-05,0,1.00E-05,-1.00E-05,-2.00E-05,-2.00E-05,-2.00E-05,0,1
978,-2.00E-05,1.00E-05,0,1.00E-05,-1.00E-05,-2.00E-05,-2.00E-05,-2.00E-05,0,1
979,-2.00E-05,1.00E-05,0,1.00E-05,-1.00E-05,-2.00E-05,-2.00E-05,-2.00E-05,0,1
980,-2.00E-05,1.00E-05,0,1.00E-05,-1.00E-05,-2.00E-05,-2.00E-05,-2.00E-05,0,1
981,-2.00E-05,1.00E-05,0,1.00E-05,-1.00E-05,-2.00E-05,-2.00E-05,-2.00E-05,0,1
982,-2.00E-05,1.00E-05,0,1.00E-05,-1.00E-05,-2.00E-05,-2.00E-05,-2.00E-05,0,1
983,-2.00E-05,1.00E-05,0,1.00E-05,-1.00E-05,-2.00E-05,-2.00E-05,-2.00E-05,0,1
984,-2.00E-05,1.00E-05,0,1.00E-05,-1.00E-05,-2.00E-05,-2.00E-05,-2.00E-05,0,1
985,-2.00E-05,1.00E-05,0,1.00E-05,-1.00E-05,-2.00E-05,-2.00E-05,-2.00E-05,0,1
986,-1.00E-05,-3.00E-05,-4.00E-05,-3.00E-05,2.00E-05,-2.00E-05,-1.00E-05,0,0,1
989,0,1.00E-05,0,1.00E-05,-1.00E-05,0,-2.00E-05,-1.00E-05,0,1
990,0,1.00E-05,0,1.00E-05,-1.00E-05,0,-2.00E-05,-1.00E-05,0,1
991,0,1.00E-05,0,1.00E-05,-1.00E-05,0,-2.00E-05,-1.00E-05,0,1
992,0,1.00E-05,0,1.00E-05,-1.00E-05,0,-2.00E-05,-1.00E-05,0,1
993,0,1.00E-05,0,1.00E-05,-1.00E-05,0,-2.00E-05,-1.00E-05,0,1
994,0,1.00E-05,0,1.00E-05,-1.00E-05,0,-2.00E-05,-1.00E-05,0,1
995,0,1.00E-05,0,1.00E-05,-1.00E-05,0,-2.00E-05,-1.00E-05,0,1
996,0,1.00E-05,0,1.00E-05,-1.00E-05,0,-2.00E-05,-1.00E-05,0,1
997,0,1.00E-05,0,1.00E-05,-1.00E-05,0,-2.00E-05,-1.00E-05,0,1
998,0,1.00E-05,0,1.00E-05,-1.00E-05,0,-2.00E-05,-1.00E-05,0,1
999,0,1.00E-05,0,1.00E-05,-1.00E-05,0,-2.00E-05,-1.00E-05,0,1
1000,0,1.00E-05,0,1.00E-05,-1.00E-05,0,-2.00E-05,-1.00E-05,0,1
1001,0,1.00E-05,0,1.00E-05,-1.00E-05,0,-2.00E-05,-1.00E-05,0,1
1002,0,1.00E-05,0,1.00E-05,-1.00E-05,0,-2.00E-05,-1.00E-05,0,1
1003,0,1.00E-05,0,1.00E-05,-1.00E-05,0,-2.00E-05,-1.00E-05,0,1
1004,0,1.00E-05,0,1.00E-05,-1.00E-05,0,-2.00E-05,-1.00E-05,0,1
1005,0,1.00E-05,0,1.00E-05,-1.00E-05,0,-2.00E-05,-1.00E-05,0,1
1006,0,1.00E-05,0,1.00E-05,-1.00E-05,0,-2.00E-05,-1.00E-05,0,1
1007,0,1.00E-05,0,1.00E-05,-1.00E-05,0,-2.00E-05,-1.00E-05,0,1
1008,-3.00E-05,-1.00E-05,-1.00E-05,-4.00E-05,-4.00E-05,-1.00E-05,-2.00E-05,-2.00E-05,0,1
1009,-2.00E-05,-3.00E-05,-4.00E-05,-2.00E-05,-1.00E-05,-1.00E-05,0,0,0,1
1010,-2.00E-05,-3.00E-05,-4.00E-05,-2.00E-05,-1.00E-05,-1.00E-05,0,0,0,1
1011,-2.00E-05,-3.00E-05,-4.00E-05,-2.00E-05,-1.00E-05,-1.00E-05,0,0,0,1
1012,-2.00E-05,-3.00E-05,-4.00E-05,-2.00E-05,-1.00E-05,-1.00E-05,0,0,0,1
1013,-2.00E-05,-3.00E-05,-4.00E-05,-2.00E-05,-1.00E-05,-1.00E-05,0,0,0,1
1014,-2.00E-05,-3.00E-05,-4.00E-05,-2.00E-05,-1.00E-05,-1.00E-05,0,0,0,1
1015,-2.00E-05,-3.00E-05,-4.00E-05,-2.00E-05,-1.00E-05,-1.00E-05,0,0,0,1
1016,-2.00E-05,-3.00E-05,-4.00E-05,-2.00E-05,-1.00E-05,-1.00E-05,0,0,0,1
1019,-2.00E-05,-3.00E-05,-4.00E-05,-2.00E-05,-1.00E-05,-1.00E-05,0,0,0,1
1020,-2.00E-05,-3.00E-05,-4.00E-05,-2.00E-05,-1.00E-05,-1.00E-05,0,0,0,1
1021,0,1.00E-05,0,-1.00E-05,1.00E-05,0,-1.00E-05,-2.00E-05,0,1
1022,0,1.00E-05,0,-1.00E-05,1.00E-05,0,-1.00E-05,-2.00E-05,0,1
1023,0,1.00E-05,0,-1.00E-05,1.00E-05,0,-1.00E-05,-2.00E-05,0,1
1024,0,1.00E-05,0,-1.00E-05,1.00E-05,0,-1.00E-05,-2.00E-05,0,1
1025,0,1.00E-05,0,-1.00E-05,1.00E-05,0,-1.00E-05,-2.00E-05,0,1
1026,0,1.00E-05,0,-1.00E-05,1.00E-05,0,-1.00E-05,-2.00E-05,0,1
1027,0,1.00E-05,0,-1.00E-05,1.00E-05,0,-1.00E-05,-2.00E-05,0,1
1028,0,1.00E-05,0,-1.00E-05,1.00E-05,0,-1.00E-05,-2.00E-05,0,1
1029,-1.00E-05,-1.00E-05,0,-2.00E-05,-2.00E-05,0,-2.00E-05,-1.00E-05,0,1
1030,-1.00E-05,-1.00E-05,0,-2.00E-05,-2.00E-05,0,-2.00E-05,-1.00E-05,0,1
1031,-1.00E-05,-1.00E-05,0,-2.00E-05,-2.00E-05,0,-2.00E-05,-1.00E-05,0,1
1032,-1.00E-05,-1.00E-05,0,-2.00E-05,-2.00E-05,0,-2.00E-05,-1.00E-05,0,1
1033,-1.00E-05,-1.00E-05,0,-2.00E-05,-2.00E-05,0,-2.00E-05,-1.00E-05,0,1
1034,-1.00E-05,-1.00E-05,0,-2.00E-05,-2.00E-05,0,-2.00E-05,-1.00E-05,0,1
1035,-1.00E-05,-1.00E-05,0,-2.00E-05,-2.00E-05,0,-2.00E-05,-1.00E-05,0,1
1036,-1.00E-05,-1.00E-05,0,-2.00E-05,-2.00E-05,0,-2.00E-05,-1.00E-05,0,1
1039,0,1.00E-05,-1.00E-05,-1.00E-05,-3.00E-05,0,0,1.00E-05,0,1
1040,0,1.00E-05,-1.00E-05,-1.00E-05,-3.00E-05,0,0,1.00E-05,0,1
1041,0,1.00E-05,-1.00E-05,-1.00E-05,-3.00E-05,0,0,1.00E-05,0,1
1042,0,1.00E-05,-1.00E-05,-1.00E-05,-3.00E-05,0,0,1.00E-05,0,1
1043,0,1.00E-05,-1.00E-05,-1.00E-05,-3.00E-05,0,0,1.00E-05,0,1
1046,0,1.00E-05,-1.00E-05,-1.00E-05,-3.00E-05,0,0,1.00E-05,0,1
1047,-1.00E-05,-1.00E-05,1.00E-05,0,-2.00E-05,0,-1.00E-05,-1.00E-05,0,1
1048,-1.00E-05,-1.00E-05,1.00E-05,0,-2.00E-05,0,-1.00E-05,-1.00E-05,0,1
1049,-1.00E-05,-1.00E-05,1.00E-05,0,-2.00E-05,0,-1.00E-05,-1.00E-05,0,1
1050,-1.00E-05,-1.00E-05,1.00E-05,0,-2.00E-05,0,-1.00E-05,-1.00E-05,0,1
1051,-1.00E-05,-1.00E-05,1.00E-05,0,-2.00E-05,0,-1.00E-05,-1.00E-05,0,1
1052,-1.00E-05,-1.00E-05,1.00E-05,0,-2.00E-05,0,-1.00E-05,-1.00E-05,0,1
1053,-1.00E-05,-1.00E-05,1.00E-05,0,-2.00E-05,0,-1.00E-05,-1.00E-05,0,1
1054,-1.00E-05,-1.00E-05,1.00E-05,0,-2.00E-05,0,-1.00E-05,-1.00E-05,0,1
1056,-1.00E-05,-1.00E-05,1.00E-05,0,-2.00E-05,0,-1.00E-05,-1.00E-05,0,1
1057,-1.00E-05,-1.00E-05,1.00E-05,0,-2.00E-05,0,-1.00E-05,-1.00E-05,0,1
1058,-1.00E-05,-1.00E-05,1.00E-05,0,-2.00E-05,0,-1.00E-05,-1.00E-05,0,1
1059,0,1.00E-05,0,1.00E-05,-1.00E-05,-2.00E-05,1.00E-05,1.00E-05,0,1
1060,0,1.00E-05,0,1.00E-05,-1.00E-05,-2.00E-05,1.00E-05,1.00E-05,0,1
1061,0,1.00E-05,0,1.00E-05,-1.00E-05,-2.00E-05,1.00E-05,1.00E-05,0,1
1062,0,1.00E-05,0,1.00E-05,-1.00E-05,-2.00E-05,1.00E-05,1.00E-05,0,1
1063,0,1.00E-05,0,1.00E-05,-1.00E-05,-2.00E-05,1.00E-05,1.00E-05,0,1
1064,0,1.00E-05,0,1.00E-05,-1.00E-05,-2.00E-05,1.00E-05,1.00E-05,0,1
1065,0,1.00E-05,0,1.00E-05,-1.00E-05,-2.00E-05,1.00E-05,1.00E-05,0,1
1066,1.00E-05,-1.00E-05,-1.00E-05,0,-1.00E-05,-1.00E-05,0,-1.00E-05,0,1
1067,1.00E-05,-1.00E-05,-1.00E-05,0,-1.00E-05,-1.00E-05,0,-1.00E-05,0,1
1068,1.00E-05,-1.00E-05,-1.00E-05,0,-1.00E-05,-1.00E-05,0,-1.00E-05,0,1
1069,1.00E-05,-1.00E-05,-1.00E-05,0,-1.00E-05,-1.00E-05,0,-1.00E-05,0,1
1070,1.00E-05,-1.00E-05,-1.00E-05,0,-1.00E-05,-1.00E-05,0,-1.00E-05,0,1
1071,1.00E-05,-1.00E-05,-1.00E-05,0,-1.00E-05,-1.00E-05,0,-1.00E-05,0,1
1072,1.00E-05,-1.00E-05,-1.00E-05,0,-1.00E-05,-1.00E-05,0,-1.00E-05,0,1
1073,1.00E-05,-1.00E-05,-1.00E-05,0,-1.00E-05,-1.00E-05,0,-1.00E-05,0,1
1074,1.00E-05,-1.00E-05,-1.00E-05,0,-1.00E-05,-1.00E-05,0,-1.00E-05,0,1
1075,1.00E-05,-1.00E-05,-1.00E-05,0,-1.00E-05,-1.00E-05,0,-1.00E-05,0,1
1076,1.00E-05,-1.00E-05,-1.00E-05,0,-1.00E-05,-1.00E-05,0,-1.00E-05,0,1
1077,1.00E-05,-1.00E-05,-1.00E-05,0,-1.00E-05,-1.00E-05,0,-1.00E-05,0,1
1078,1.00E-05,-1.00E-05,-1.00E-05,0,-1.00E-05,-1.00E-05,0,-1.00E-05,0,1
